country,listed_in,cnt,country_total,genre_total,country_share,global_share,gap,country_total_y
United States,International Movies,166,3690,2751,0.044986449864498644,0.3124006359300477,-0.26741418606554906,3690
Japan,Dramas,23,318,2426,0.07232704402515723,0.2754939813763343,-0.20316693735117708,318
Canada,International Movies,60,445,2751,0.1348314606741573,0.3124006359300477,-0.1775691752558904,445
Denmark,Comedies,1,48,1674,0.020833333333333332,0.19009766068589598,-0.16926432735256264,48
Taiwan,Dramas,10,89,2426,0.11235955056179775,0.2754939813763343,-0.16313443081453655,89
South Korea,Dramas,26,231,2426,0.11255411255411256,0.2754939813763343,-0.16293986882222172,231
Japan,Comedies,9,318,1674,0.02830188679245283,0.19009766068589598,-0.16179577389344316,318
Thailand,Dramas,8,70,2426,0.11428571428571428,0.2754939813763343,-0.16120826709062003,70
Taiwan,Comedies,3,89,1674,0.033707865168539325,0.19009766068589598,-0.15638979551735666,89
Colombia,Dramas,7,52,2426,0.1346153846153846,0.2754939813763343,-0.1408785967609497,52
United States,International TV Shows,74,3690,1351,0.02005420054200542,0.1534181240063593,-0.13336392346435388,3690
Indonesia,International TV Shows,2,90,1351,0.022222222222222223,0.1534181240063593,-0.13119590178413706,90
New Zealand,Comedies,2,33,1674,0.06060606060606061,0.19009766068589598,-0.12949160007983537,33
Philippines,International TV Shows,2,83,1351,0.024096385542168676,0.1534181240063593,-0.12932173846419062,83
United Arab Emirates,International TV Shows,1,37,1351,0.02702702702702703,0.1534181240063593,-0.12639109697933226,37
Australia,International Movies,30,160,2751,0.1875,0.3124006359300477,-0.12490063593004769,160
Israel,Comedies,2,30,1674,0.06666666666666667,0.19009766068589598,-0.12343099401922931,30
Norway,Comedies,2,30,1674,0.06666666666666667,0.19009766068589598,-0.12343099401922931,30
South Korea,International Movies,44,231,2751,0.19047619047619047,0.3124006359300477,-0.12192444545385722,231
Taiwan,International Movies,17,89,2751,0.19101123595505617,0.3124006359300477,-0.12138939997499151,89
South Korea,Comedies,17,231,1674,0.0735930735930736,0.19009766068589598,-0.11650458709282238,231
Hong Kong,International TV Shows,5,105,1351,0.047619047619047616,0.1534181240063593,-0.10579907638731167,105
Singapore,Dramas,7,41,2426,0.17073170731707318,0.2754939813763343,-0.10476227405926111,41
United Kingdom,International Movies,170,806,2751,0.2109181141439206,0.3124006359300477,-0.1014825217861271,806
Canada,International TV Shows,25,445,1351,0.056179775280898875,0.1534181240063593,-0.09723834872546042,445
Australia,Comedies,15,160,1674,0.09375,0.19009766068589598,-0.09634766068589598,160
New Zealand,International TV Shows,2,33,1351,0.06060606060606061,0.1534181240063593,-0.09281206340029868,33
Canada,Dramas,82,445,2426,0.1842696629213483,0.2754939813763343,-0.09122431845498599,445
India,International TV Shows,66,1046,1351,0.06309751434034416,0.1534181240063593,-0.09032060966601513,1046
South Korea,Documentaries,2,231,869,0.008658008658008658,0.09868271632977516,-0.0900247076717665,231
Hong Kong,Documentaries,1,105,869,0.009523809523809525,0.09868271632977516,-0.08915890680596564,105
Ireland,International TV Shows,3,46,1351,0.06521739130434782,0.1534181240063593,-0.08820073270201147,46
Taiwan,Documentaries,1,89,869,0.011235955056179775,0.09868271632977516,-0.08744676127359538,89
Philippines,Documentaries,1,83,869,0.012048192771084338,0.09868271632977516,-0.08663452355869082,83
Japan,International Movies,72,318,2751,0.22641509433962265,0.3124006359300477,-0.08598554159042504,318
Egypt,Documentaries,2,117,869,0.017094017094017096,0.09868271632977516,-0.08158869923575807,117
Nigeria,Documentaries,2,103,869,0.019417475728155338,0.09868271632977516,-0.07926524060161982,103
Colombia,Action & Adventure,1,52,859,0.019230769230769232,0.09754712695889166,-0.07831635772812243,52
China,Dramas,32,162,2426,0.19753086419753085,0.2754939813763343,-0.07796311717880344,162
Netherlands,Action & Adventure,1,50,859,0.02,0.09754712695889166,-0.07754712695889165,50
United Kingdom,Comedies,91,806,1674,0.11290322580645161,0.19009766068589598,-0.07719443487944437,806
South Korea,Independent Movies,2,231,756,0.008658008658008658,0.08585055643879173,-0.07719254778078308,231
Japan,Documentaries,7,318,869,0.0220125786163522,0.09868271632977516,-0.07667013771342296,318
Indonesia,Documentaries,2,90,869,0.022222222222222223,0.09868271632977516,-0.07646049410755293,90
Indonesia,Independent Movies,1,90,756,0.011111111111111112,0.08585055643879173,-0.07473944532768062,90
Philippines,TV Dramas,1,83,763,0.012048192771084338,0.08664546899841018,-0.07459727622732584,83
Singapore,Documentaries,1,41,869,0.024390243902439025,0.09868271632977516,-0.07429247242733614,41
Poland,Documentaries,1,41,869,0.024390243902439025,0.09868271632977516,-0.07429247242733614,41
China,Independent Movies,2,162,756,0.012345679012345678,0.08585055643879173,-0.07350487742644606,162
India,Documentaries,27,1046,869,0.02581261950286807,0.09868271632977516,-0.0728700968269071,1046
Sweden,Comedies,5,42,1674,0.11904761904761904,0.19009766068589598,-0.07105004163827694,42
Italy,Comedies,12,100,1674,0.12,0.19009766068589598,-0.07009766068589598,100
Nigeria,International TV Shows,9,103,1351,0.08737864077669903,0.1534181240063593,-0.06603948322966026,103
Argentina,TV Dramas,2,91,763,0.02197802197802198,0.08664546899841018,-0.0646674470203882,91
Argentina,Action & Adventure,3,91,859,0.03296703296703297,0.09754712695889166,-0.06458009399185868,91
Indonesia,TV Dramas,2,90,763,0.022222222222222223,0.08664546899841018,-0.06442324677618795,90
Egypt,Children & Family Movies,1,117,641,0.008547008547008548,0.07279127867363161,-0.06424427012662307,117
Israel,Action & Adventure,1,30,859,0.03333333333333333,0.09754712695889166,-0.06421379362555832,30
Taiwan,Action & Adventure,3,89,859,0.033707865168539325,0.09754712695889166,-0.06383926179035233,89
Japan,Independent Movies,7,318,756,0.0220125786163522,0.08585055643879173,-0.06383797782243954,318
Singapore,Independent Movies,1,41,756,0.024390243902439025,0.08585055643879173,-0.06146031253635271,41
South Korea,Romantic Movies,2,231,616,0.008658008658008658,0.06995230524642289,-0.06129429658841423,231
France,Comedies,51,393,1674,0.1297709923664122,0.19009766068589598,-0.06032666831948377,393
India,TV Dramas,28,1046,763,0.02676864244741874,0.08664546899841018,-0.05987682655099144,1046
Ireland,Comedies,6,46,1674,0.13043478260869565,0.19009766068589598,-0.05966287807720033,46
United Arab Emirates,TV Dramas,1,37,763,0.02702702702702703,0.08664546899841018,-0.05961844197138315,37
Turkey,Independent Movies,3,112,756,0.026785714285714284,0.08585055643879173,-0.059064842153077446,112
Nigeria,Action & Adventure,4,103,859,0.038834951456310676,0.09754712695889166,-0.05871217550258098,103
Thailand,Children & Family Movies,1,70,641,0.014285714285714285,0.07279127867363161,-0.058505564387917326,70
South Africa,Children & Family Movies,1,62,641,0.016129032258064516,0.07279127867363161,-0.056662246415567094,62
Hong Kong,TV Comedies,1,105,581,0.009523809523809525,0.06597774244833068,-0.05645393292452116,105
China,Documentaries,7,162,869,0.043209876543209874,0.09868271632977516,-0.05547283978656528,162
Turkey,Children & Family Movies,2,112,641,0.017857142857142856,0.07279127867363161,-0.054934135816488754,112
Indonesia,TV Comedies,1,90,581,0.011111111111111112,0.06597774244833068,-0.05486663133721957,90
Spain,Action & Adventure,10,232,859,0.04310344827586207,0.09754712695889166,-0.05444367868302959,232
Philippines,TV Comedies,1,83,581,0.012048192771084338,0.06597774244833068,-0.05392954967724635,83
Mexico,Thrillers,2,169,576,0.011834319526627219,0.06540994776288894,-0.053575628236261726,169
Netherlands,International TV Shows,5,50,1351,0.1,0.1534181240063593,-0.053418124006359285,50
Turkey,Action & Adventure,5,112,859,0.044642857142857144,0.09754712695889166,-0.052904269816034515,112
Taiwan,Independent Movies,3,89,756,0.033707865168539325,0.08585055643879173,-0.05214269127025241,89
Ireland,International Movies,12,46,2751,0.2608695652173913,0.3124006359300477,-0.05153107071265639,46
Netherlands,Comedies,7,50,1674,0.14,0.19009766068589598,-0.05009766068589597,50
Sweden,Action & Adventure,2,42,859,0.047619047619047616,0.09754712695889166,-0.04992807933984404,42
Philippines,Independent Movies,3,83,756,0.03614457831325301,0.08585055643879173,-0.04970597812553872,83
Japan,Thrillers,5,318,576,0.015723270440251572,0.06540994776288894,-0.049686677322637374,318
Brazil,Romantic Movies,2,97,616,0.020618556701030927,0.06995230524642289,-0.049333748545391964,97
United States,Dramas,835,3690,2426,0.22628726287262874,0.2754939813763343,-0.04920671850370556,3690
Philippines,Children & Family Movies,2,83,641,0.024096385542168676,0.07279127867363161,-0.048694893131462934,83
Hong Kong,TV Dramas,4,105,763,0.0380952380952381,0.08664546899841018,-0.04855023090317208,105
Mexico,Comedies,24,169,1674,0.14201183431952663,0.19009766068589598,-0.04808582636636935,169
Japan,Romantic Movies,7,318,616,0.0220125786163522,0.06995230524642289,-0.04793972663007069,318
India,Children & Family Movies,26,1046,641,0.0248565965583174,0.07279127867363161,-0.04793468211531421,1046
Hong Kong,Independent Movies,4,105,756,0.0380952380952381,0.08585055643879173,-0.047755318343553635,105
Turkey,Thrillers,2,112,576,0.017857142857142856,0.06540994776288894,-0.047552804905746086,112
Taiwan,Romantic Movies,2,89,616,0.02247191011235955,0.06995230524642289,-0.04748039513406334,89
Colombia,TV Comedies,1,52,581,0.019230769230769232,0.06597774244833068,-0.04674697321756145,52
Nigeria,TV Comedies,2,103,581,0.019417475728155338,0.06597774244833068,-0.046560266720175346,103
Sweden,Romantic Movies,1,42,616,0.023809523809523808,0.06995230524642289,-0.04614278143689908,42
Brazil,Action & Adventure,5,97,859,0.05154639175257732,0.09754712695889166,-0.04600073520631434,97
Netherlands,TV Comedies,1,50,581,0.02,0.06597774244833068,-0.04597774244833068,50
Singapore,Romantic Movies,1,41,616,0.024390243902439025,0.06995230524642289,-0.04556206134398386,41
India,Crime TV Shows,9,1046,470,0.008604206500956023,0.05337270043152396,-0.044768493930567935,1046
Spain,TV Comedies,5,232,581,0.021551724137931036,0.06597774244833068,-0.04442601831039965,232
Mexico,Action & Adventure,9,169,859,0.05325443786982249,0.09754712695889166,-0.04429268908906917,169
Hong Kong,Children & Family Movies,3,105,641,0.02857142857142857,0.07279127867363161,-0.04421985010220304,105
France,International TV Shows,43,393,1351,0.10941475826972011,0.1534181240063593,-0.04400336573663918,393
Argentina,TV Comedies,2,91,581,0.02197802197802198,0.06597774244833068,-0.0439997204703087,91
Germany,TV Comedies,5,226,581,0.022123893805309734,0.06597774244833068,-0.04385384864302095,226
Poland,Comedies,6,41,1674,0.14634146341463414,0.19009766068589598,-0.04375619727126184,41
Nigeria,Crime TV Shows,1,103,470,0.009708737864077669,0.05337270043152396,-0.043663962567446285,103
Mexico,Children & Family Movies,5,169,641,0.029585798816568046,0.07279127867363161,-0.043205479857063564,169
Egypt,Independent Movies,5,117,756,0.042735042735042736,0.08585055643879173,-0.043115513703749,117
United Arab Emirates,Romantic Movies,1,37,616,0.02702702702702703,0.06995230524642289,-0.04292527821939586,37
Italy,Children & Family Movies,3,100,641,0.03,0.07279127867363161,-0.04279127867363161,100
Mexico,TV Comedies,4,169,581,0.023668639053254437,0.06597774244833068,-0.04230910339507625,169
Indonesia,Crime TV Shows,1,90,470,0.011111111111111112,0.05337270043152396,-0.042261589320412844,90
United Kingdom,TV Dramas,36,806,763,0.04466501240694789,0.08664546899841018,-0.04198045659146229,806
Poland,TV Comedies,1,41,581,0.024390243902439025,0.06597774244833068,-0.04158749854589166,41
Philippines,Crime TV Shows,1,83,470,0.012048192771084338,0.05337270043152396,-0.041324507660439616,83
India,TV Comedies,26,1046,581,0.0248565965583174,0.06597774244833068,-0.04112114589001328,1046
Colombia,Documentaries,3,52,869,0.057692307692307696,0.09868271632977516,-0.04099040863746746,52
Lebanon,Children & Family Movies,1,31,641,0.03225806451612903,0.07279127867363161,-0.04053321415750258,31
Belgium,Kids' TV,1,90,451,0.011111111111111112,0.051215080626845336,-0.04010396951573422,90
Indonesia,Kids' TV,1,90,451,0.011111111111111112,0.051215080626845336,-0.04010396951573422,90
Argentina,Children & Family Movies,3,91,641,0.03296703296703297,0.07279127867363161,-0.03982424570659864,91
India,Kids' TV,12,1046,451,0.011472275334608031,0.051215080626845336,-0.0397428052922373,1046
New Zealand,International Movies,9,33,2751,0.2727272727272727,0.3124006359300477,-0.03967336320277498,33
New Zealand,Romantic Movies,1,33,616,0.030303030303030304,0.06995230524642289,-0.039649274943392585,33
Norway,Children & Family Movies,1,30,641,0.03333333333333333,0.07279127867363161,-0.03945794534029828,30
Spain,TV Dramas,11,232,763,0.04741379310344827,0.08664546899841018,-0.039231675894961904,232
Turkey,TV Comedies,3,112,581,0.026785714285714284,0.06597774244833068,-0.039192028162616396,112
China,Docuseries,1,162,395,0.006172839506172839,0.0448557801498978,-0.03868294064372496,162
Japan,Docuseries,2,318,395,0.006289308176100629,0.0448557801498978,-0.03856647197379717,318
South Korea,Music & Musicals,1,231,375,0.004329004329004329,0.04258460140813082,-0.03825559707912649,231
Australia,Dramas,38,160,2426,0.2375,0.2754939813763343,-0.03799398137633431,160
Germany,Romantic TV Shows,1,226,370,0.004424778761061947,0.04201680672268908,-0.03759202796162713,226
Italy,Action & Adventure,6,100,859,0.06,0.09754712695889166,-0.03754712695889166,100
Canada,Romantic TV Shows,2,445,370,0.0044943820224719105,0.04201680672268908,-0.03752242470021717,445
South Africa,Independent Movies,3,62,756,0.04838709677419355,0.08585055643879173,-0.03746345966459819,62
Philippines,Action & Adventure,5,83,859,0.060240963855421686,0.09754712695889166,-0.03730616310346997,83
Argentina,Romantic Movies,3,91,616,0.03296703296703297,0.06995230524642289,-0.03698527227938992,91
France,Romantic TV Shows,2,393,370,0.005089058524173028,0.04201680672268908,-0.03692774819851605,393
Hong Kong,Thrillers,3,105,576,0.02857142857142857,0.06540994776288894,-0.036838519191460375,105
Belgium,Romantic Movies,3,90,616,0.03333333333333333,0.06995230524642289,-0.036618971913089556,90
Norway,Romantic Movies,1,30,616,0.03333333333333333,0.06995230524642289,-0.036618971913089556,30
Egypt,Crime TV Shows,2,117,470,0.017094017094017096,0.05337270043152396,-0.03627868333750686,117
India,Docuseries,9,1046,395,0.008604206500956023,0.0448557801498978,-0.03625157364894178,1046
Argentina,Comedies,14,91,1674,0.15384615384615385,0.19009766068589598,-0.036251506839742126,91
Colombia,Comedies,8,52,1674,0.15384615384615385,0.19009766068589598,-0.036251506839742126,52
Italy,TV Comedies,3,100,581,0.03,0.06597774244833068,-0.035977742448330685,100
Australia,Independent Movies,8,160,756,0.05,0.08585055643879173,-0.03585055643879173,160
Denmark,Action & Adventure,3,48,859,0.0625,0.09754712695889166,-0.03504712695889166,48
Spain,Stand-Up Comedy,1,232,343,0.004310344827586207,0.038950715421303655,-0.03464037059371745,232
Japan,TV Comedies,10,318,581,0.031446540880503145,0.06597774244833068,-0.03453120156782754,318
Brazil,Thrillers,3,97,576,0.030927835051546393,0.06540994776288894,-0.03448211271134255,97
Canada,Stand-Up Comedy,2,445,343,0.0044943820224719105,0.038950715421303655,-0.034456333398831744,445
Hong Kong,Crime TV Shows,2,105,470,0.01904761904761905,0.05337270043152396,-0.03432508138390491,105
Spain,Children & Family Movies,9,232,641,0.03879310344827586,0.07279127867363161,-0.033998175225355746,232
Spain,Kids' TV,4,232,451,0.017241379310344827,0.051215080626845336,-0.03397370131650051,232
Belgium,Docuseries,1,90,395,0.011111111111111112,0.0448557801498978,-0.03374466903878669,90
South Africa,TV Comedies,2,62,581,0.03225806451612903,0.06597774244833068,-0.03371967793220165,62
Turkey,Music & Musicals,1,112,375,0.008928571428571428,0.04258460140813082,-0.033656029979559396,112
India,Stand-Up Comedy,6,1046,343,0.0057361376673040155,0.038950715421303655,-0.03321457775399964,1046
Hong Kong,Music & Musicals,1,105,375,0.009523809523809525,0.04258460140813082,-0.033060791884321296,105
Nigeria,Music & Musicals,1,103,375,0.009708737864077669,0.04258460140813082,-0.032875863544053155,103
Australia,Romantic Movies,6,160,616,0.0375,0.06995230524642289,-0.03245230524642289,160
Ireland,Action & Adventure,3,46,859,0.06521739130434782,0.09754712695889166,-0.032329735654543834,46
Egypt,TV Comedies,4,117,581,0.03418803418803419,0.06597774244833068,-0.03178970826029649,117
Taiwan,Thrillers,3,89,576,0.033707865168539325,0.06540994776288894,-0.03170208259434962,89
Colombia,Romantic Movies,2,52,616,0.038461538461538464,0.06995230524642289,-0.031490766784884425,52
Indonesia,Music & Musicals,1,90,375,0.011111111111111112,0.04258460140813082,-0.03147349029701971,90
Egypt,Thrillers,4,117,576,0.03418803418803419,0.06540994776288894,-0.03122191357485475,117
Belgium,International TV Shows,11,90,1351,0.12222222222222222,0.1534181240063593,-0.031195901784137073,90
United Kingdom,Dramas,197,806,2426,0.24441687344913152,0.2754939813763343,-0.03107710792720278,806
Indonesia,Romantic TV Shows,1,90,370,0.011111111111111112,0.04201680672268908,-0.030905695611577966,90
Indonesia,Action & Adventure,6,90,859,0.06666666666666667,0.09754712695889166,-0.030880460292224993,90
Thailand,Docuseries,1,70,395,0.014285714285714285,0.0448557801498978,-0.030570065864183517,70
India,Romantic TV Shows,12,1046,370,0.011472275334608031,0.04201680672268908,-0.030544531388081046,1046
Philippines,Music & Musicals,1,83,375,0.012048192771084338,0.04258460140813082,-0.030536408637046483,83
South Korea,Stand-Up Comedy,2,231,343,0.008658008658008658,0.038950715421303655,-0.030292706763295,231
China,Music & Musicals,2,162,375,0.012345679012345678,0.04258460140813082,-0.030238922395785142,162
United States,Romantic TV Shows,44,3690,370,0.011924119241192412,0.04201680672268908,-0.03009268748149667,3690
Philippines,Romantic TV Shows,1,83,370,0.012048192771084338,0.04201680672268908,-0.02996861395160474,83
South Korea,Children & Family Movies,10,231,641,0.04329004329004329,0.07279127867363161,-0.02950123538358832,231
Philippines,Thrillers,3,83,576,0.03614457831325301,0.06540994776288894,-0.029265369449635932,83
Lebanon,Comedies,5,31,1674,0.16129032258064516,0.19009766068589598,-0.028807338105250824,31
South Africa,Docuseries,1,62,395,0.016129032258064516,0.0448557801498978,-0.028726747891833285,62
China,Crime TV Shows,4,162,470,0.024691358024691357,0.05337270043152396,-0.0286813424068326,162
China,Thrillers,6,162,576,0.037037037037037035,0.06540994776288894,-0.028372910725851908,162
United Kingdom,Romantic TV Shows,11,806,370,0.013647642679900745,0.04201680672268908,-0.028369164042788334,806
Denmark,Romantic Movies,2,48,616,0.041666666666666664,0.06995230524642289,-0.028285638579756224,48
China,Horror Movies,2,162,357,0.012345679012345678,0.04054054054054054,-0.028194861528194864,162
Colombia,Independent Movies,3,52,756,0.057692307692307696,0.08585055643879173,-0.028158248746484038,52
Japan,Horror Movies,4,318,357,0.012578616352201259,0.04054054054054054,-0.027961924188339284,318
Mexico,Kids' TV,4,169,451,0.023668639053254437,0.051215080626845336,-0.0275464415735909,169
Sweden,Kids' TV,1,42,451,0.023809523809523808,0.051215080626845336,-0.027405556817321527,42
Thailand,Documentaries,5,70,869,0.07142857142857142,0.09868271632977516,-0.02725414490120373,70
Mexico,Docuseries,3,169,395,0.01775147928994083,0.0448557801498978,-0.02710430085995697,169
France,Docuseries,7,393,395,0.017811704834605598,0.0448557801498978,-0.027044075315292203,393
Netherlands,TV Dramas,3,50,763,0.06,0.08664546899841018,-0.02664546899841018,50
France,Stand-Up Comedy,5,393,343,0.01272264631043257,0.038950715421303655,-0.026228069110871086,393
New Zealand,TV Dramas,2,33,763,0.06060606060606061,0.08664546899841018,-0.02603940839234957,33
South Africa,Romantic TV Shows,1,62,370,0.016129032258064516,0.04201680672268908,-0.025887774464624563,62
India,British TV Shows,3,1046,253,0.0028680688336520078,0.02873041108335226,-0.025862342249700253,1046
Germany,Romantic Movies,10,226,616,0.04424778761061947,0.06995230524642289,-0.02570451763580342,226
Colombia,Docuseries,1,52,395,0.019230769230769232,0.0448557801498978,-0.02562501091912857,52
Japan,British TV Shows,1,318,253,0.0031446540880503146,0.02873041108335226,-0.025585756995301946,318
Netherlands,Thrillers,2,50,576,0.04,0.06540994776288894,-0.02540994776288894,50
Egypt,International TV Shows,15,117,1351,0.1282051282051282,0.1534181240063593,-0.025212995801231097,117
Italy,Docuseries,2,100,395,0.02,0.0448557801498978,-0.0248557801498978,100
Mexico,Music & Musicals,3,169,375,0.01775147928994083,0.04258460140813082,-0.02483312211818999,169
Poland,Action & Adventure,3,41,859,0.07317073170731707,0.09754712695889166,-0.02437639525157459,41
Denmark,Docuseries,1,48,395,0.020833333333333332,0.0448557801498978,-0.024022446816564468,48
South Korea,Action & Adventure,17,231,859,0.0735930735930736,0.09754712695889166,-0.02395405336581806,231
Colombia,International Movies,15,52,2751,0.28846153846153844,0.3124006359300477,-0.02393909746850925,52
France,Reality TV,2,393,255,0.005089058524173028,0.02895752895752896,-0.02386847043335593,393
United States,TV Dramas,232,3690,763,0.06287262872628727,0.08664546899841018,-0.02377284027212291,3690
Japan,Music & Musicals,6,318,375,0.018867924528301886,0.04258460140813082,-0.023716676879828934,318
France,British TV Shows,2,393,253,0.005089058524173028,0.02873041108335226,-0.02364135255917923,393
Indonesia,Comedies,15,90,1674,0.16666666666666666,0.19009766068589598,-0.023430994019229323,90
Italy,International TV Shows,13,100,1351,0.13,0.1534181240063593,-0.023418124006359287,100
Australia,Romantic TV Shows,3,160,370,0.01875,0.04201680672268908,-0.02326680672268908,160
India,Reality TV,6,1046,255,0.0057361376673040155,0.02895752895752896,-0.023221391290224942,1046
Hong Kong,Romantic TV Shows,2,105,370,0.01904761904761905,0.04201680672268908,-0.02296918767507003,105
Argentina,Docuseries,2,91,395,0.02197802197802198,0.0448557801498978,-0.02287775817187582,91
South Africa,Stand-Up Comedy,1,62,343,0.016129032258064516,0.038950715421303655,-0.02282168316323914,62
United Kingdom,Romantic Movies,38,806,616,0.04714640198511166,0.06995230524642289,-0.022805903261311225,806
China,Reality TV,1,162,255,0.006172839506172839,0.02895752895752896,-0.02278468945135612,162
Mexico,Romantic Movies,8,169,616,0.047337278106508875,0.06995230524642289,-0.022615027139914014,169
Nigeria,Romantic TV Shows,2,103,370,0.019417475728155338,0.04201680672268908,-0.02259933099453374,103
Thailand,Thrillers,3,70,576,0.04285714285714286,0.06540994776288894,-0.022552804905746085,70
Spain,Romantic Movies,11,232,616,0.04741379310344827,0.06995230524642289,-0.022538512142974615,232
France,Music & Musicals,8,393,375,0.020356234096692113,0.04258460140813082,-0.022228367311438707,393
United States,British TV Shows,24,3690,253,0.0065040650406504065,0.02873041108335226,-0.022226346042701853,3690
Italy,Romantic TV Shows,2,100,370,0.02,0.04201680672268908,-0.02201680672268908,100
Canada,British TV Shows,3,445,253,0.006741573033707865,0.02873041108335226,-0.021988838049644396,445
Ireland,Thrillers,2,46,576,0.043478260869565216,0.06540994776288894,-0.021931686893323726,46
Australia,Horror Movies,3,160,357,0.01875,0.04054054054054054,-0.021790540540540543,160
Japan,Sports Movies,1,318,219,0.0031446540880503146,0.0248694072223484,-0.021724753134298086,318
Brazil,Romantic TV Shows,2,97,370,0.020618556701030927,0.04201680672268908,-0.02139825002165815,97
Nigeria,Horror Movies,2,103,357,0.019417475728155338,0.04054054054054054,-0.021123064812385205,103
Belgium,Documentaries,7,90,869,0.07777777777777778,0.09868271632977516,-0.020904938551997376,90
Japan,TV Dramas,21,318,763,0.0660377358490566,0.08664546899841018,-0.020607733149353574,318
Poland,Docuseries,1,41,395,0.024390243902439025,0.0448557801498978,-0.020465536247458775,41
Belgium,Music & Musicals,2,90,375,0.022222222222222223,0.04258460140813082,-0.020362379185908597,90
Brazil,Kids' TV,3,97,451,0.030927835051546393,0.051215080626845336,-0.020287245575298943,97
Australia,Stand-Up Comedy,3,160,343,0.01875,0.038950715421303655,-0.020200715421303656,160
Canada,Docuseries,11,445,395,0.024719101123595506,0.0448557801498978,-0.020136679026302295,445
Taiwan,Music & Musicals,2,89,375,0.02247191011235955,0.04258460140813082,-0.02011269129577127,89
Argentina,Romantic TV Shows,2,91,370,0.02197802197802198,0.04201680672268908,-0.0200387847446671,91
Canada,Crime TV Shows,15,445,470,0.033707865168539325,0.05337270043152396,-0.019664835262984633,445
Norway,Independent Movies,2,30,756,0.06666666666666667,0.08585055643879173,-0.019183889772125068,30
Netherlands,Stand-Up Comedy,1,50,343,0.02,0.038950715421303655,-0.018950715421303655,50
South Korea,Horror Movies,5,231,357,0.021645021645021644,0.04054054054054054,-0.0188955188955189,231
Italy,British TV Shows,1,100,253,0.01,0.02873041108335226,-0.018730411083352258,100
China,Sports Movies,1,162,219,0.006172839506172839,0.0248694072223484,-0.01869656771617556,162
Nigeria,TV Dramas,7,103,763,0.06796116504854369,0.08664546899841018,-0.01868430394986649,103
Thailand,Comedies,12,70,1674,0.17142857142857143,0.19009766068589598,-0.01866908925732455,70
United Kingdom,Spanish-Language TV Shows,1,806,174,0.0012406947890818859,0.019759255053372702,-0.018518560264290815,806
Argentina,Kids' TV,3,91,451,0.03296703296703297,0.051215080626845336,-0.018248047659812368,91
Argentina,Reality TV,1,91,255,0.01098901098901099,0.02895752895752896,-0.01796851796851797,91
France,TV Dramas,27,393,763,0.06870229007633588,0.08664546899841018,-0.017943178922074296,393
Nigeria,Independent Movies,7,103,756,0.06796116504854369,0.08585055643879173,-0.017889391390248047,103
Taiwan,Reality TV,1,89,255,0.011235955056179775,0.02895752895752896,-0.017721573901349184,89
Italy,Sci-Fi & Fantasy,1,100,243,0.01,0.02759482171246877,-0.017594821712468768,100
Australia,Music & Musicals,4,160,375,0.025,0.04258460140813082,-0.01758460140813082,160
Singapore,TV Comedies,2,41,581,0.04878048780487805,0.06597774244833068,-0.017197254643452634,41
South Africa,Thrillers,3,62,576,0.04838709677419355,0.06540994776288894,-0.017022850988695395,62
Germany,Stand-Up Comedy,5,226,343,0.022123893805309734,0.038950715421303655,-0.01682682161599392,226
Spain,Music & Musicals,6,232,375,0.02586206896551724,0.04258460140813082,-0.01672253244261358,232
Argentina,Sci-Fi & Fantasy,1,91,243,0.01098901098901099,0.02759482171246877,-0.01660581072345778,91
Turkey,Dramas,29,112,2426,0.25892857142857145,0.2754939813763343,-0.016565409947762844,112
United Arab Emirates,Action & Adventure,3,37,859,0.08108108108108109,0.09754712695889166,-0.016466045877810573,37
Egypt,Romantic TV Shows,3,117,370,0.02564102564102564,0.04201680672268908,-0.01637578108166344,117
United States,Korean TV Shows,3,3690,151,0.0008130081300813008,0.017147399500340676,-0.016334391370259375,3690
Australia,Action & Adventure,13,160,859,0.08125,0.09754712695889166,-0.016297126958891656,160
India,Sci-Fi & Fantasy,12,1046,243,0.011472275334608031,0.02759482171246877,-0.016122546377860737,1046
Spain,Reality TV,3,232,255,0.01293103448275862,0.02895752895752896,-0.016026494474770336,232
Italy,Independent Movies,7,100,756,0.07,0.08585055643879173,-0.015850556438791727,100
Germany,Kids' TV,8,226,451,0.035398230088495575,0.051215080626845336,-0.01581685053834976,226
United Kingdom,Children & Family Movies,46,806,641,0.05707196029776675,0.07279127867363161,-0.015719318375864863,806
Germany,Reality TV,3,226,255,0.01327433628318584,0.02895752895752896,-0.015683192674343118,226
Spain,Anime Series,1,232,176,0.004310344827586207,0.019986372927549397,-0.015676028099963192,232
Mexico,TV Dramas,12,169,763,0.07100591715976332,0.08664546899841018,-0.015639551838646862,169
United Arab Emirates,Music & Musicals,1,37,375,0.02702702702702703,0.04258460140813082,-0.015557574381103792,37
Canada,Anime Series,2,445,176,0.0044943820224719105,0.019986372927549397,-0.015491990905077486,445
Hong Kong,Sports Movies,1,105,219,0.009523809523809525,0.0248694072223484,-0.015345597698538875,105
Sweden,Stand-Up Comedy,1,42,343,0.023809523809523808,0.038950715421303655,-0.015141191611779847,42
Mexico,Dramas,44,169,2426,0.2603550295857988,0.2754939813763343,-0.015138951790535482,169
United States,Anime Series,18,3690,176,0.004878048780487805,0.019986372927549397,-0.015108324147061591,3690
France,Horror Movies,10,393,357,0.02544529262086514,0.04054054054054054,-0.015095247919675404,393
Canada,Korean TV Shows,1,445,151,0.0022471910112359553,0.017147399500340676,-0.01490020848910472,445
Egypt,Horror Movies,3,117,357,0.02564102564102564,0.04054054054054054,-0.014899514899514903,117
Canada,TV Dramas,32,445,763,0.07191011235955057,0.08664546899841018,-0.014735356638859609,445
Singapore,Stand-Up Comedy,1,41,343,0.024390243902439025,0.038950715421303655,-0.01456047151886463,41
New Zealand,Docuseries,1,33,395,0.030303030303030304,0.0448557801498978,-0.014552749846867497,33
China,Romantic Movies,9,162,616,0.05555555555555555,0.06995230524642289,-0.014396749690867336,162
India,TV Action & Adventure,5,1046,168,0.004780114722753346,0.019077901430842606,-0.01429778670808926,1046
France,Children & Family Movies,23,393,641,0.058524173027989825,0.07279127867363161,-0.014267105645641785,393
United States,Crime TV Shows,145,3690,470,0.03929539295392954,0.05337270043152396,-0.01407730747759442,3690
France,Romantic Movies,22,393,616,0.05597964376590331,0.06995230524642289,-0.01397266148051958,393
Canada,Romantic Movies,25,445,616,0.056179775280898875,0.06995230524642289,-0.013772529965524014,445
Australia,Anime Series,1,160,176,0.00625,0.019986372927549397,-0.013736372927549397,160
Taiwan,Sports Movies,1,89,219,0.011235955056179775,0.0248694072223484,-0.013633452166168625,89
Netherlands,Crime TV Shows,2,50,470,0.04,0.05337270043152396,-0.013372700431523957,50
Japan,Children & Family Movies,19,318,641,0.059748427672955975,0.07279127867363161,-0.013042851000675634,318
United Kingdom,Stand-Up Comedy,21,806,343,0.026054590570719603,0.038950715421303655,-0.012896124850584053,806
Philippines,Sports Movies,1,83,219,0.012048192771084338,0.0248694072223484,-0.012821214451264062,83
South Africa,British TV Shows,1,62,253,0.016129032258064516,0.02873041108335226,-0.012601378825287744,62
Italy,Music & Musicals,3,100,375,0.03,0.04258460140813082,-0.012584601408130822,100
Mexico,Romantic TV Shows,5,169,370,0.029585798816568046,0.04201680672268908,-0.012431007906121033,169
New Zealand,Children & Family Movies,2,33,641,0.06060606060606061,0.07279127867363161,-0.012185218067571002,33
United States,Spanish-Language TV Shows,29,3690,174,0.007859078590785908,0.019759255053372702,-0.011900176462586794,3690
Denmark,Crime TV Shows,2,48,470,0.041666666666666664,0.05337270043152396,-0.011706033764857293,48
South Korea,Reality TV,4,231,255,0.017316017316017316,0.02895752895752896,-0.011641511641511643,231
Norway,Docuseries,1,30,395,0.03333333333333333,0.0448557801498978,-0.011522446816564468,30
United Kingdom,TV Comedies,44,806,581,0.05459057071960298,0.06597774244833068,-0.011387171728727705,806
Mexico,Reality TV,3,169,255,0.01775147928994083,0.02895752895752896,-0.01120604966758813,169
Canada,Music & Musicals,14,445,375,0.03146067415730337,0.04258460140813082,-0.011123927250827448,445
China,Korean TV Shows,1,162,151,0.006172839506172839,0.017147399500340676,-0.010974559994167837,162
Italy,Horror Movies,3,100,357,0.03,0.04054054054054054,-0.010540540540540544,100
Lebanon,Music & Musicals,1,31,375,0.03225806451612903,0.04258460140813082,-0.01032653689200179,31
Denmark,Children & Family Movies,3,48,641,0.0625,0.07279127867363161,-0.01029127867363161,48
New Zealand,Horror Movies,1,33,357,0.030303030303030304,0.04054054054054054,-0.010237510237510239,33
Germany,TV Action & Adventure,2,226,168,0.008849557522123894,0.019077901430842606,-0.010228343908718712,226
China,British TV Shows,3,162,253,0.018518518518518517,0.02873041108335226,-0.010211892564833742,162
Ireland,Crime TV Shows,2,46,470,0.043478260869565216,0.05337270043152396,-0.009894439561958741,46
Italy,Spanish-Language TV Shows,1,100,174,0.01,0.019759255053372702,-0.009759255053372702,100
Lebanon,Romantic TV Shows,1,31,370,0.03225806451612903,0.04201680672268908,-0.009758742206560048,31
India,LGBTQ Movies,2,1046,102,0.0019120458891013384,0.011583011583011582,-0.009670965693910244,1046
Australia,Crime TV Shows,7,160,470,0.04375,0.05337270043152396,-0.00962270043152396,160
Germany,Horror Movies,7,226,357,0.030973451327433628,0.04054054054054054,-0.009567089213106915,226
Germany,Docuseries,8,226,395,0.035398230088495575,0.0448557801498978,-0.009457550061402226,226
India,TV Mysteries,2,1046,98,0.0019120458891013384,0.011128775834658187,-0.009216729945556848,1046
Australia,Thrillers,9,160,576,0.05625,0.06540994776288894,-0.009159947762888941,160
France,LGBTQ Movies,1,393,102,0.002544529262086514,0.011583011583011582,-0.009038482320925068,393
United States,Romantic Movies,225,3690,616,0.06097560975609756,0.06995230524642289,-0.008976695490325329,3690
Indonesia,Anime Series,1,90,176,0.011111111111111112,0.019986372927549397,-0.008875261816438286,90
Spain,Classic Movies,1,232,116,0.004310344827586207,0.013172836702248466,-0.00886249187466226,232
Thailand,TV Comedies,4,70,581,0.05714285714285714,0.06597774244833068,-0.008834885305473543,70
South Africa,Sports Movies,1,62,219,0.016129032258064516,0.0248694072223484,-0.008740374964283884,62
Canada,Reality TV,9,445,255,0.020224719101123594,0.02895752895752896,-0.008732809856405364,445
Netherlands,British TV Shows,1,50,253,0.02,0.02873041108335226,-0.00873041108335226,50
Israel,Romantic TV Shows,1,30,370,0.03333333333333333,0.04201680672268908,-0.008683473389355746,30
Norway,Romantic TV Shows,1,30,370,0.03333333333333333,0.04201680672268908,-0.008683473389355746,30
United Kingdom,TV Mysteries,2,806,98,0.0024813895781637717,0.011128775834658187,-0.008647386256494416,806
India,Sports Movies,17,1046,219,0.016252390057361378,0.0248694072223484,-0.008617017164987022,1046
Japan,LGBTQ Movies,1,318,102,0.0031446540880503146,0.011583011583011582,-0.008438357494961267,318
Egypt,Music & Musicals,4,117,375,0.03418803418803419,0.04258460140813082,-0.008396567220096629,117
Colombia,Sci-Fi & Fantasy,1,52,243,0.019230769230769232,0.02759482171246877,-0.008364052481699538,52
South Africa,Horror Movies,2,62,357,0.03225806451612903,0.04054054054054054,-0.008282476024411511,62
South Africa,International TV Shows,9,62,1351,0.14516129032258066,0.1534181240063593,-0.008256833683778636,62
Spain,Documentaries,21,232,869,0.09051724137931035,0.09868271632977516,-0.00816547495046481,232
China,Kids' TV,7,162,451,0.043209876543209874,0.051215080626845336,-0.008005204083635462,162
Philippines,Anime Series,1,83,176,0.012048192771084338,0.019986372927549397,-0.00793818015646506,83
United Kingdom,TV Action & Adventure,9,806,168,0.011166253101736972,0.019077901430842606,-0.007911648329105634,806
France,Science & Nature TV,1,393,92,0.002544529262086514,0.010447422212128094,-0.00790289295004158,393
Egypt,Sports Movies,2,117,219,0.017094017094017096,0.0248694072223484,-0.007775390128331304,117
China,Anime Series,2,162,176,0.012345679012345678,0.019986372927549397,-0.007640693915203719,162
Hong Kong,Korean TV Shows,1,105,151,0.009523809523809525,0.017147399500340676,-0.007623589976531151,105
Argentina,Horror Movies,3,91,357,0.03296703296703297,0.04054054054054054,-0.007573507573507575,91
Brazil,Dramas,26,97,2426,0.26804123711340205,0.2754939813763343,-0.007452744262932243,97
Mexico,Classic Movies,1,169,116,0.005917159763313609,0.013172836702248466,-0.007255676938934857,169
South Korea,LGBTQ Movies,1,231,102,0.004329004329004329,0.011583011583011582,-0.007254007254007253,231
Germany,Music & Musicals,8,226,375,0.035398230088495575,0.04258460140813082,-0.007186371319635246,226
Spain,British TV Shows,5,232,253,0.021551724137931036,0.02873041108335226,-0.007178686945421224,232
Germany,LGBTQ Movies,1,226,102,0.004424778761061947,0.011583011583011582,-0.007158232821949636,226
Mexico,Sports Movies,3,169,219,0.01775147928994083,0.0248694072223484,-0.007117927932407571,169
India,Horror Movies,35,1046,357,0.033460803059273424,0.04054054054054054,-0.007079737481267119,1046
Turkey,Sports Movies,2,112,219,0.017857142857142856,0.0248694072223484,-0.007012264365205544,112
France,TV Sci-Fi & Fantasy,1,393,84,0.002544529262086514,0.009538950715421303,-0.006994421453334789,393
India,Teen TV Shows,1,1046,69,0.0009560229445506692,0.007835566659096072,-0.006879543714545402,1046
India,TV Sci-Fi & Fantasy,3,1046,84,0.0028680688336520078,0.009538950715421303,-0.006670881881769295,1046
Australia,TV Action & Adventure,2,160,168,0.0125,0.019077901430842606,-0.006577901430842605,160
United States,Anime Features,7,3690,71,0.001897018970189702,0.008062684533272768,-0.006165665563083067,3690
Spain,Science & Nature TV,1,232,92,0.004310344827586207,0.010447422212128094,-0.006137077384541887,232
Indonesia,Children & Family Movies,6,90,641,0.06666666666666667,0.07279127867363161,-0.006124612006964944,90
Spain,Docuseries,9,232,395,0.03879310344827586,0.0448557801498978,-0.006062676701621937,232
France,TV Mysteries,2,393,98,0.005089058524173028,0.011128775834658187,-0.006039717310485158,393
United Kingdom,TV Horror,2,806,75,0.0024813895781637717,0.008516920281626164,-0.006035530703462392,806
South Korea,Sci-Fi & Fantasy,5,231,243,0.021645021645021644,0.02759482171246877,-0.005949800067447126,231
Netherlands,Independent Movies,4,50,756,0.08,0.08585055643879173,-0.005850556438791732,50
United States,Comedies,680,3690,1674,0.1842818428184282,0.19009766068589598,-0.005815817867467793,3690
United Kingdom,Horror Movies,28,806,357,0.034739454094292806,0.04054054054054054,-0.005801086446247737,806
Germany,Documentaries,21,226,869,0.09292035398230089,0.09868271632977516,-0.005762362347474265,226
Mexico,LGBTQ Movies,1,169,102,0.005917159763313609,0.011583011583011582,-0.005665851819697973,169
Indonesia,Sci-Fi & Fantasy,2,90,243,0.022222222222222223,0.02759482171246877,-0.005372599490246547,90
United Kingdom,Stand-Up Comedy & Talk Shows,1,806,56,0.0012406947890818859,0.006359300476947536,-0.00511860568786565,806
Germany,TV Sci-Fi & Fantasy,1,226,84,0.004424778761061947,0.009538950715421303,-0.005114171954359356,226
China,TV Mysteries,1,162,98,0.006172839506172839,0.011128775834658187,-0.004955936328485348,162
Australia,Documentaries,15,160,869,0.09375,0.09868271632977516,-0.004932716329775155,160
Japan,Cult Movies,1,318,71,0.0031446540880503146,0.008062684533272768,-0.004918030445222454,318
France,TV Comedies,24,393,581,0.061068702290076333,0.06597774244833068,-0.0049090401582543505,393
Turkey,Horror Movies,4,112,357,0.03571428571428571,0.04054054054054054,-0.0048262548262548305,112
South Korea,Thrillers,14,231,576,0.06060606060606061,0.06540994776288894,-0.004803887156828335,231
United Arab Emirates,Independent Movies,3,37,756,0.08108108108108109,0.08585055643879173,-0.004769475357710648,37
United Kingdom,TV Sci-Fi & Fantasy,4,806,84,0.004962779156327543,0.009538950715421303,-0.0045761715590937595,806
Canada,Documentaries,42,445,869,0.09438202247191012,0.09868271632977516,-0.004300693857865037,445
Germany,Comedies,42,226,1674,0.18584070796460178,0.19009766068589598,-0.004256952721294199,226
Brazil,Sports Movies,2,97,219,0.020618556701030927,0.0248694072223484,-0.004250850521317472,97
Brazil,TV Comedies,6,97,581,0.061855670103092786,0.06597774244833068,-0.004122072345237898,97
United Kingdom,TV Thrillers,2,806,57,0.0024813895781637717,0.006472859414035885,-0.003991469835872113,806
France,Movies,1,393,57,0.002544529262086514,0.006472859414035885,-0.0039283301519493705,393
France,Stand-Up Comedy & Talk Shows,1,393,56,0.002544529262086514,0.006359300476947536,-0.003814771214861022,393
France,TV Action & Adventure,6,393,168,0.015267175572519083,0.019077901430842606,-0.0038107258583235225,393
Japan,Classic Movies,3,318,116,0.009433962264150943,0.013172836702248466,-0.003738874438097523,318
South Korea,Cult Movies,1,231,71,0.004329004329004329,0.008062684533272768,-0.0037336802042684395,231
Hong Kong,Classic Movies,1,105,116,0.009523809523809525,0.013172836702248466,-0.0036490271784389416,105
Mexico,TV Sci-Fi & Fantasy,1,169,84,0.005917159763313609,0.009538950715421303,-0.0036217909521076936,169
India,TV Thrillers,3,1046,57,0.0028680688336520078,0.006472859414035885,-0.003604790580383877,1046
India,Faith & Spirituality,4,1046,65,0.0038240917782026767,0.007381330910742675,-0.0035572391325399983,1046
Spain,Teen TV Shows,1,232,69,0.004310344827586207,0.007835566659096072,-0.0035252218315098647,232
India,Stand-Up Comedy & Talk Shows,3,1046,56,0.0028680688336520078,0.006359300476947536,-0.0034912316432955284,1046
Denmark,TV Comedies,3,48,581,0.0625,0.06597774244833068,-0.003477742448330684,48
France,Action & Adventure,37,393,859,0.09414758269720101,0.09754712695889166,-0.0033995442616906457,393
Italy,Crime TV Shows,5,100,470,0.05,0.05337270043152396,-0.0033727004315239548,100
Japan,TV Action & Adventure,5,318,168,0.015723270440251572,0.019077901430842606,-0.0033546309905910336,318
Canada,Teen TV Shows,2,445,69,0.0044943820224719105,0.007835566659096072,-0.003341184636624161,445
Spain,Sports Movies,5,232,219,0.021551724137931036,0.0248694072223484,-0.003317683084417364,232
India,Cult Movies,5,1046,71,0.004780114722753346,0.008062684533272768,-0.0032825698105194224,1046
Spain,Romantic TV Shows,9,232,370,0.03879310344827586,0.04201680672268908,-0.0032237032744132157,232
Japan,Stand-Up Comedy & Talk Shows,1,318,56,0.0031446540880503146,0.006359300476947536,-0.0032146463888972215,318
Singapore,Sci-Fi & Fantasy,1,41,243,0.024390243902439025,0.02759482171246877,-0.003204577810029745,41
Poland,Sci-Fi & Fantasy,1,41,243,0.024390243902439025,0.02759482171246877,-0.003204577810029745,41
Japan,Crime TV Shows,16,318,470,0.050314465408805034,0.05337270043152396,-0.0030582350227189234,318
France,Cult Movies,2,393,71,0.005089058524173028,0.008062684533272768,-0.00297362600909974,393
Germany,Faith & Spirituality,1,226,65,0.004424778761061947,0.007381330910742675,-0.002956552149680728,226
South Africa,TV Action & Adventure,1,62,168,0.016129032258064516,0.019077901430842606,-0.0029488691727780902,62
United Kingdom,LGBTQ Movies,7,806,102,0.008684863523573201,0.011583011583011582,-0.002898148059438381,806
United States,Music & Musicals,147,3690,375,0.03983739837398374,0.04258460140813082,-0.0027472030341470777,3690
Germany,Sports Movies,5,226,219,0.022123893805309734,0.0248694072223484,-0.0027455134170386655,226
India,Classic Movies,11,1046,116,0.010516252390057362,0.013172836702248466,-0.0026565843121911046,1046
Germany,TV Dramas,19,226,763,0.084070796460177,0.08664546899841018,-0.0025746725382331803,226
Germany,TV Mysteries,2,226,98,0.008849557522123894,0.011128775834658187,-0.002279218312534293,226
Australia,TV Horror,1,160,75,0.00625,0.008516920281626164,-0.0022669202816261638,160
Argentina,Classic Movies,1,91,116,0.01098901098901099,0.013172836702248466,-0.0021838257132374764,91
Germany,British TV Shows,6,226,253,0.02654867256637168,0.02873041108335226,-0.002181738516980579,226
France,Sci-Fi & Fantasy,10,393,243,0.02544529262086514,0.02759482171246877,-0.0021495290916036316,393
South Korea,TV Thrillers,1,231,57,0.004329004329004329,0.006472859414035885,-0.0021438550850315556,231
South Korea,Movies,1,231,57,0.004329004329004329,0.006472859414035885,-0.0021438550850315556,231
Belgium,Classic Movies,1,90,116,0.011111111111111112,0.013172836702248466,-0.0020617255911373547,90
Germany,Stand-Up Comedy & Talk Shows,1,226,56,0.004424778761061947,0.006359300476947536,-0.0019345217158855893,226
China,Cult Movies,1,162,71,0.006172839506172839,0.008062684533272768,-0.0018898450270999293,162
Spain,TV Action & Adventure,4,232,168,0.017241379310344827,0.019077901430842606,-0.0018365221204977786,232
India,TV Horror,7,1046,75,0.006692160611854685,0.008516920281626164,-0.0018247596697714792,1046
Australia,Cult Movies,1,160,71,0.00625,0.008062684533272768,-0.0018126845332727681,160
Italy,LGBTQ Movies,1,100,102,0.01,0.011583011583011582,-0.0015830115830115822,100
United Kingdom,Movies,4,806,57,0.004962779156327543,0.006472859414035885,-0.0015100802577083412,806
Mexico,Faith & Spirituality,1,169,65,0.005917159763313609,0.007381330910742675,-0.0014641711474290657,169
Canada,Science & Nature TV,4,445,92,0.008988764044943821,0.010447422212128094,-0.0014586581671842732,445
China,Faith & Spirituality,1,162,65,0.006172839506172839,0.007381330910742675,-0.0012084914045698359,162
United Kingdom,Faith & Spirituality,5,806,65,0.00620347394540943,0.007381330910742675,-0.0011778569653332453,806
Sweden,Sports Movies,1,42,219,0.023809523809523808,0.0248694072223484,-0.0010598834128245915,42
Egypt,TV Sci-Fi & Fantasy,1,117,84,0.008547008547008548,0.009538950715421303,-0.000991942168412755,117
France,TV Horror,3,393,75,0.007633587786259542,0.008516920281626164,-0.0008833324953666224,393
United States,TV Shows,4,3690,16,0.001084010840108401,0.0018169429934135816,-0.0007329321533051806,3690
Japan,Reality TV,9,318,255,0.02830188679245283,0.02895752895752896,-0.0006556421650761278,318
Canada,Faith & Spirituality,3,445,65,0.006741573033707865,0.007381330910742675,-0.0006397578770348097,445
Brazil,Children & Family Movies,7,97,641,0.07216494845360824,0.07279127867363161,-0.0006263302200233689,97
Argentina,LGBTQ Movies,1,91,102,0.01098901098901099,0.011583011583011582,-0.0005940005940005925,91
Mexico,Movies,1,169,57,0.005917159763313609,0.006472859414035885,-0.0005556996507222753,169
United States,Movies,22,3690,57,0.005962059620596206,0.006472859414035885,-0.0005107997934396787,3690
Mexico,Stand-Up Comedy & Talk Shows,1,169,56,0.005917159763313609,0.006359300476947536,-0.00044214071363392685,169
Taiwan,LGBTQ Movies,1,89,102,0.011235955056179775,0.011583011583011582,-0.00034705652683180745,89
Japan,Movies,2,318,57,0.006289308176100629,0.006472859414035885,-0.00018355123793525538,318
Egypt,TV Horror,1,117,75,0.008547008547008548,0.008516920281626164,3.0088265382383766e-05,117
Italy,Romantic Movies,7,100,616,0.07,0.06995230524642289,4.7694753577118276e-05,100
Colombia,TV Action & Adventure,1,52,168,0.019230769230769232,0.019077901430842606,0.0001528677999266259,52
France,Faith & Spirituality,3,393,65,0.007633587786259542,0.007381330910742675,0.00025225687551686665,393
Spain,Independent Movies,20,232,756,0.08620689655172414,0.08585055643879173,0.0003563401129324101,232
Turkey,TV Horror,1,112,75,0.008928571428571428,0.008516920281626164,0.000411651146945264,112
United Kingdom,Cult Movies,7,806,71,0.008684863523573201,0.008062684533272768,0.0006221789903004329,806
Israel,TV Comedies,2,30,581,0.06666666666666667,0.06597774244833068,0.0006889242183359817,30
Japan,Sci-Fi & Fantasy,9,318,243,0.02830188679245283,0.02759482171246877,0.0007070650799840608,318
United States,TV Thrillers,27,3690,57,0.007317073170731708,0.006472859414035885,0.0008442137566958231,3690
Netherlands,TV Action & Adventure,1,50,168,0.02,0.019077901430842606,0.0009220985691573945,50
Italy,Stand-Up Comedy,4,100,343,0.04,0.038950715421303655,0.0010492845786963453,100
India,TV Shows,3,1046,16,0.0028680688336520078,0.0018169429934135816,0.0010511258402384261,1046
Turkey,Teen TV Shows,1,112,69,0.008928571428571428,0.007835566659096072,0.0010930047694753565,112
United States,Teen TV Shows,33,3690,69,0.00894308943089431,0.007835566659096072,0.0011075227717982378,3690
France,TV Thrillers,3,393,57,0.007633587786259542,0.006472859414035885,0.001160728372223657,393
United Kingdom,Sports Movies,21,806,219,0.026054590570719603,0.0248694072223484,0.0011851833483712028,806
China,Comedies,31,162,1674,0.19135802469135801,0.19009766068589598,0.0012603640054620335,162
Norway,Documentaries,3,30,869,0.1,0.09868271632977516,0.0013172836702248503,30
Japan,TV Shows,1,318,16,0.0031446540880503146,0.0018169429934135816,0.001327711094636733,318
Canada,Action & Adventure,44,445,859,0.09887640449438202,0.09754712695889166,0.001329277535490364,445
New Zealand,Reality TV,1,33,255,0.030303030303030304,0.02895752895752896,0.0013455013455013452,33
United States,Classic & Cult TV,17,3690,28,0.004607046070460705,0.003179650238473768,0.001427395831986937,3690
Canada,TV Comedies,30,445,581,0.06741573033707865,0.06597774244833068,0.0014379878887479658,445
Germany,International TV Shows,35,226,1351,0.15486725663716813,0.1534181240063593,0.0014491326308088415,226
Japan,TV Mysteries,4,318,98,0.012578616352201259,0.011128775834658187,0.0014498405175430717,318
Italy,TV Horror,1,100,75,0.01,0.008516920281626164,0.001483079718373836,100
United States,TV Horror,37,3690,75,0.01002710027100271,0.008516920281626164,0.0015101799893765464,3690
Belgium,TV Sci-Fi & Fantasy,1,90,84,0.011111111111111112,0.009538950715421303,0.0015721603956898086,90
Taiwan,TV Sci-Fi & Fantasy,1,89,84,0.011235955056179775,0.009538950715421303,0.001697004340758472,89
Denmark,TV Action & Adventure,1,48,168,0.020833333333333332,0.019077901430842606,0.0017554319024907263,48
South Korea,TV Mysteries,3,231,98,0.012987012987012988,0.011128775834658187,0.001858237152354801,231
Canada,LGBTQ Movies,6,445,102,0.01348314606741573,0.011583011583011582,0.0019001344844041482,445
Argentina,Independent Movies,8,91,756,0.08791208791208792,0.08585055643879173,0.0020615314732961854,91
United Kingdom,Music & Musicals,36,806,375,0.04466501240694789,0.04258460140813082,0.0020804109988170685,806
France,Classic Movies,6,393,116,0.015267175572519083,0.013172836702248466,0.002094338870270617,393
United Kingdom,Kids' TV,43,806,451,0.05334987593052109,0.051215080626845336,0.002134795303675753,806
Italy,Teen TV Shows,1,100,69,0.01,0.007835566659096072,0.0021644333409039287,100
Belgium,TV Dramas,8,90,763,0.08888888888888889,0.08664546899841018,0.002243419890478715,90
Nigeria,Faith & Spirituality,1,103,65,0.009708737864077669,0.007381330910742675,0.002327406953334994,103
Germany,Movies,2,226,57,0.008849557522123894,0.006472859414035885,0.002376698108088009,226
Germany,Children & Family Movies,17,226,641,0.0752212389380531,0.07279127867363161,0.0024299602644214935,226
Argentina,TV Horror,1,91,75,0.01098901098901099,0.008516920281626164,0.0024720907073848258,91
Australia,British TV Shows,5,160,253,0.03125,0.02873041108335226,0.00251958891664774,160
Spain,Horror Movies,10,232,357,0.04310344827586207,0.04054054054054054,0.002562907735321529,232
United States,Stand-Up Comedy & Talk Shows,33,3690,56,0.00894308943089431,0.006359300476947536,0.002583788953946773,3690
Indonesia,TV Horror,1,90,75,0.011111111111111112,0.008516920281626164,0.0025941908294849474,90
Italy,Faith & Spirituality,1,100,65,0.01,0.007381330910742675,0.002618669089257325,100
Ireland,TV Action & Adventure,1,46,168,0.021739130434782608,0.019077901430842606,0.002661229003940002,46
United States,TV Mysteries,51,3690,98,0.013821138211382113,0.011128775834658187,0.0026923623767239266,3690
Taiwan,Crime TV Shows,5,89,470,0.056179775280898875,0.05337270043152396,0.0028070748493749173,89
Germany,Science & Nature TV,3,226,92,0.01327433628318584,0.010447422212128094,0.0028269140710577463,226
United States,Science & Nature TV,49,3690,92,0.013279132791327914,0.010447422212128094,0.0028317105791998195,3690
Belgium,TV Action & Adventure,2,90,168,0.022222222222222223,0.019077901430842606,0.003144320791379617,90
Argentina,Teen TV Shows,1,91,69,0.01098901098901099,0.007835566659096072,0.0031534443299149183,91
Taiwan,Teen TV Shows,1,89,69,0.011235955056179775,0.007835566659096072,0.0034003883970837034,89
Philippines,TV Horror,1,83,75,0.012048192771084338,0.008516920281626164,0.003531272489458174,83
Thailand,Sports Movies,2,70,219,0.02857142857142857,0.0248694072223484,0.003702021349080171,70
Belgium,Horror Movies,4,90,357,0.044444444444444446,0.04054054054054054,0.0039039039039039033,90
United States,TV Comedies,258,3690,581,0.06991869918699187,0.06597774244833068,0.003940956738661183,3690
Brazil,Stand-Up Comedy & Talk Shows,1,97,56,0.010309278350515464,0.006359300476947536,0.0039499778735679275,97
United States,Faith & Spirituality,42,3690,65,0.011382113821138212,0.007381330910742675,0.004000782910395537,3690
China,Anime Features,2,162,71,0.012345679012345678,0.008062684533272768,0.00428299447907291,162
Canada,Sports Movies,13,445,219,0.029213483146067417,0.0248694072223484,0.004344075923719017,445
United States,Reality TV,123,3690,255,0.03333333333333333,0.02895752895752896,0.004375804375804374,3690
Taiwan,Horror Movies,4,89,357,0.0449438202247191,0.04054054054054054,0.004403279684178557,89
Singapore,Anime Series,1,41,176,0.024390243902439025,0.019986372927549397,0.004403870974889628,41
South Korea,TV Horror,3,231,75,0.012987012987012988,0.008516920281626164,0.004470092705386824,231
Argentina,Movies,1,91,57,0.01098901098901099,0.006472859414035885,0.004516151574975105,91
Australia,Teen TV Shows,2,160,69,0.0125,0.007835566659096072,0.004664433340903929,160
Thailand,TV Sci-Fi & Fantasy,1,70,84,0.014285714285714285,0.009538950715421303,0.004746763570292982,70
Taiwan,TV Thrillers,1,89,57,0.011235955056179775,0.006472859414035885,0.00476309564214389,89
Canada,Movies,5,445,57,0.011235955056179775,0.006472859414035885,0.00476309564214389,445
Canada,TV Thrillers,5,445,57,0.011235955056179775,0.006472859414035885,0.00476309564214389,445
Belgium,Children & Family Movies,7,90,641,0.07777777777777778,0.07279127867363161,0.004986499104146169,90
South Africa,TV Mysteries,1,62,98,0.016129032258064516,0.011128775834658187,0.005000256423406329,62
New Zealand,Independent Movies,3,33,756,0.09090909090909091,0.08585055643879173,0.005058534470299178,33
Australia,Faith & Spirituality,2,160,65,0.0125,0.007381330910742675,0.005118669089257326,160
France,Crime TV Shows,23,393,470,0.058524173027989825,0.05337270043152396,0.005151472596465867,393
Poland,TV Action & Adventure,1,41,168,0.024390243902439025,0.019077901430842606,0.005312342471596419,41
United Kingdom,International TV Shows,128,806,1351,0.1588089330024814,0.1534181240063593,0.005390808996122098,806
Canada,Cult Movies,6,445,71,0.01348314606741573,0.008062684533272768,0.005420461534142962,445
Sweden,TV Comedies,3,42,581,0.07142857142857142,0.06597774244833068,0.005450828980240741,42
United States,LGBTQ Movies,63,3690,102,0.01707317073170732,0.011583011583011582,0.005490159148695736,3690
United Kingdom,Classic & Cult TV,7,806,28,0.008684863523573201,0.003179650238473768,0.005505213285099434,806
Spain,Faith & Spirituality,3,232,65,0.01293103448275862,0.007381330910742675,0.0055497035720159455,232
Spain,LGBTQ Movies,4,232,102,0.017241379310344827,0.011583011583011582,0.005658367727333245,232
France,Sports Movies,12,393,219,0.030534351145038167,0.0248694072223484,0.005664943922689767,393
Belgium,Sci-Fi & Fantasy,3,90,243,0.03333333333333333,0.02759482171246877,0.005738511620864563,90
Israel,Sci-Fi & Fantasy,1,30,243,0.03333333333333333,0.02759482171246877,0.005738511620864563,30
United States,Sports Movies,113,3690,219,0.03062330623306233,0.0248694072223484,0.0057538990107139296,3690
Thailand,TV Horror,1,70,75,0.014285714285714285,0.008516920281626164,0.005768794004088121,70
South Africa,Music & Musicals,3,62,375,0.04838709677419355,0.04258460140813082,0.0058024953660627265,62
Canada,Classic & Cult TV,4,445,28,0.008988764044943821,0.003179650238473768,0.005809113806470053,445
United Kingdom,Independent Movies,74,806,756,0.09181141439205956,0.08585055643879173,0.005960857953267826,806
Egypt,TV Mysteries,2,117,98,0.017094017094017096,0.011128775834658187,0.005965241259358909,117
Australia,TV Thrillers,2,160,57,0.0125,0.006472859414035885,0.006027140585964116,160
United States,Cult Movies,52,3690,71,0.014092140921409214,0.008062684533272768,0.006029456388136446,3690
United Kingdom,Crime TV Shows,48,806,470,0.05955334987593052,0.05337270043152396,0.0061806494444065635,806
United States,TV Action & Adventure,94,3690,168,0.025474254742547425,0.019077901430842606,0.006396353311704819,3690
Spain,Movies,3,232,57,0.01293103448275862,0.006472859414035885,0.006458175068722736,232
United Kingdom,Action & Adventure,84,806,859,0.10421836228287841,0.09754712695889166,0.006671235323986752,806
United Kingdom,Classic Movies,16,806,116,0.019851116625310174,0.013172836702248466,0.0066782799230617074,806
United States,TV Sci-Fi & Fantasy,60,3690,84,0.016260162601626018,0.009538950715421303,0.006721211886204715,3690
Turkey,TV Mysteries,2,112,98,0.017857142857142856,0.011128775834658187,0.006728367022484669,112
United States,Kids' TV,214,3690,451,0.05799457994579946,0.051215080626845336,0.006779499318954121,3690
Mexico,Horror Movies,8,169,357,0.047337278106508875,0.04054054054054054,0.006796737565968332,169
United States,Docuseries,192,3690,395,0.05203252032520325,0.0448557801498978,0.007176740175305452,3690
Japan,TV Horror,5,318,75,0.015723270440251572,0.008516920281626164,0.007206350158625408,318
Singapore,Korean TV Shows,1,41,151,0.024390243902439025,0.017147399500340676,0.007242844402098349,41
Australia,TV Mysteries,3,160,98,0.01875,0.011128775834658187,0.0076212241653418125,160
Philippines,Horror Movies,4,83,357,0.04819277108433735,0.04054054054054054,0.007652230543796809,83
Singapore,Thrillers,3,41,576,0.07317073170731707,0.06540994776288894,0.007760783944428126,41
Argentina,Classic & Cult TV,1,91,28,0.01098901098901099,0.003179650238473768,0.007809360750537222,91
Thailand,TV Thrillers,1,70,57,0.014285714285714285,0.006472859414035885,0.0078128548716784,70
Mexico,Documentaries,18,169,869,0.10650887573964497,0.09868271632977516,0.007826159409869818,169
Canada,TV Action & Adventure,12,445,168,0.02696629213483146,0.019077901430842606,0.007888390703988855,445
Mexico,Sci-Fi & Fantasy,6,169,243,0.03550295857988166,0.02759482171246877,0.007908136867412888,169
China,TV Comedies,12,162,581,0.07407407407407407,0.06597774244833068,0.008096331625743386,162
Poland,Horror Movies,2,41,357,0.04878048780487805,0.04054054054054054,0.008239947264337508,41
Israel,Sports Movies,1,30,219,0.03333333333333333,0.0248694072223484,0.008463926110984933,30
Brazil,Crime TV Shows,6,97,470,0.061855670103092786,0.05337270043152396,0.008482969671568828,97
Mexico,Classic & Cult TV,2,169,28,0.011834319526627219,0.003179650238473768,0.008654669288153451,169
South Africa,Faith & Spirituality,1,62,65,0.016129032258064516,0.007381330910742675,0.008747701347321842,62
United States,Classic Movies,81,3690,116,0.02195121951219512,0.013172836702248466,0.008778382809946654,3690
Netherlands,Kids' TV,3,50,451,0.06,0.051215080626845336,0.008784919373154662,50
Brazil,Music & Musicals,5,97,375,0.05154639175257732,0.04258460140813082,0.008961790344446496,97
China,TV Sci-Fi & Fantasy,3,162,84,0.018518518518518517,0.009538950715421303,0.008979567803097215,162
Canada,TV Mysteries,9,445,98,0.020224719101123594,0.011128775834658187,0.009095943266465407,445
Canada,TV Horror,8,445,75,0.017977528089887642,0.008516920281626164,0.009460607808261478,445
Thailand,TV Action & Adventure,2,70,168,0.02857142857142857,0.019077901430842606,0.009493527140585965,70
Germany,Cult Movies,4,226,71,0.017699115044247787,0.008062684533272768,0.009636430510975019,226
Netherlands,Romantic Movies,4,50,616,0.08,0.06995230524642289,0.010047694753577113,50
Brazil,Science & Nature TV,2,97,92,0.020618556701030927,0.010447422212128094,0.010171134488902833,97
United Kingdom,Thrillers,61,806,576,0.07568238213399504,0.06540994776288894,0.010272434371106101,806
Hong Kong,Sci-Fi & Fantasy,4,105,243,0.0380952380952381,0.02759482171246877,0.010500416382769329,105
Ireland,TV Mysteries,1,46,98,0.021739130434782608,0.011128775834658187,0.010610354600124421,46
Belgium,LGBTQ Movies,2,90,102,0.022222222222222223,0.011583011583011582,0.01063921063921064,90
Canada,TV Sci-Fi & Fantasy,9,445,84,0.020224719101123594,0.009538950715421303,0.010685768385702291,445
South Korea,Stand-Up Comedy & Talk Shows,4,231,56,0.017316017316017316,0.006359300476947536,0.01095671683906978,231
Brazil,TV Sci-Fi & Fantasy,2,97,84,0.020618556701030927,0.009538950715421303,0.011079605985609624,97
Belgium,TV Mysteries,2,90,98,0.022222222222222223,0.011128775834658187,0.011093446387564036,90
Lebanon,Crime TV Shows,2,31,470,0.06451612903225806,0.05337270043152396,0.011143428600734105,31
South Africa,Crime TV Shows,4,62,470,0.06451612903225806,0.05337270043152396,0.011143428600734105,62
Argentina,Documentaries,10,91,869,0.10989010989010989,0.09868271632977516,0.011207393560334733,91
Netherlands,TV Horror,1,50,75,0.02,0.008516920281626164,0.011483079718373836,50
Turkey,Romantic TV Shows,6,112,370,0.05357142857142857,0.04201680672268908,0.01155462184873949,112
United States,Action & Adventure,404,3690,859,0.10948509485094851,0.09754712695889166,0.011937967892056853,3690
Brazil,TV Horror,2,97,75,0.020618556701030927,0.008516920281626164,0.012101636419404763,97
Australia,Movies,3,160,57,0.01875,0.006472859414035885,0.012277140585964115,160
Argentina,Music & Musicals,5,91,375,0.054945054945054944,0.04258460140813082,0.012360453536924124,91
Japan,TV Thrillers,6,318,57,0.018867924528301886,0.006472859414035885,0.012395065114266001,318
Netherlands,Sci-Fi & Fantasy,2,50,243,0.04,0.02759482171246877,0.01240517828753123,50
Spain,Comedies,47,232,1674,0.2025862068965517,0.19009766068589598,0.012488546210655732,232
Denmark,Cult Movies,1,48,71,0.020833333333333332,0.008062684533272768,0.012770648800060564,48
Colombia,Stand-Up Comedy & Talk Shows,1,52,56,0.019230769230769232,0.006359300476947536,0.012871468753821697,52
Germany,Crime TV Shows,15,226,470,0.06637168141592921,0.05337270043152396,0.012998980984405252,226
Canada,Independent Movies,44,445,756,0.09887640449438202,0.08585055643879173,0.013025848055590289,445
Ireland,TV Horror,1,46,75,0.021739130434782608,0.008516920281626164,0.013222210153156444,46
France,Documentaries,44,393,869,0.11195928753180662,0.09868271632977516,0.013276571202031462,393
Norway,Crime TV Shows,2,30,470,0.06666666666666667,0.05337270043152396,0.013293966235142708,30
Australia,LGBTQ Movies,4,160,102,0.025,0.011583011583011582,0.013416988416988419,160
United Arab Emirates,Horror Movies,2,37,357,0.05405405405405406,0.04054054054054054,0.013513513513513514,37
United States,Thrillers,292,3690,576,0.07913279132791327,0.06540994776288894,0.013722843565024331,3690
Argentina,Cult Movies,2,91,71,0.02197802197802198,0.008062684533272768,0.013915337444749211,91
United States,Horror Movies,201,3690,357,0.05447154471544716,0.04054054054054054,0.013931004174906614,3690
Taiwan,TV Horror,2,89,75,0.02247191011235955,0.008516920281626164,0.013954989830733386,89
Norway,TV Action & Adventure,1,30,168,0.03333333333333333,0.019077901430842606,0.014255431902490727,30
Ireland,Faith & Spirituality,1,46,65,0.021739130434782608,0.007381330910742675,0.014357799524039934,46
Denmark,TV Thrillers,1,48,57,0.020833333333333332,0.006472859414035885,0.014360473919297448,48
United Kingdom,Reality TV,35,806,255,0.043424317617866005,0.02895752895752896,0.014466788660337047,806
Thailand,Music & Musicals,4,70,375,0.05714285714285714,0.04258460140813082,0.01455825573472632,70
Taiwan,TV Action & Adventure,3,89,168,0.033707865168539325,0.019077901430842606,0.014629963737696719,89
Singapore,TV Sci-Fi & Fantasy,1,41,84,0.024390243902439025,0.009538950715421303,0.014851293187017722,41
Italy,Sports Movies,4,100,219,0.04,0.0248694072223484,0.015130592777651601,100
Australia,TV Sci-Fi & Fantasy,4,160,84,0.025,0.009538950715421303,0.015461049284578698,160
Sweden,Cult Movies,1,42,71,0.023809523809523808,0.008062684533272768,0.01574683927625104,42
United Kingdom,Sci-Fi & Fantasy,35,806,243,0.043424317617866005,0.02759482171246877,0.015829495905397235,806
United Arab Emirates,TV Mysteries,1,37,98,0.02702702702702703,0.011128775834658187,0.015898251192368842,37
Egypt,TV Dramas,12,117,763,0.10256410256410256,0.08664546899841018,0.015918633565692383,117
Brazil,Comedies,20,97,1674,0.20618556701030927,0.19009766068589598,0.016087906324413287,97
Australia,Sci-Fi & Fantasy,7,160,243,0.04375,0.02759482171246877,0.016155178287531227,160
South Korea,TV Comedies,19,231,581,0.08225108225108226,0.06597774244833068,0.01627333980275157,231
Poland,Cult Movies,1,41,71,0.024390243902439025,0.008062684533272768,0.01632755936916626,41
Singapore,Cult Movies,1,41,71,0.024390243902439025,0.008062684533272768,0.01632755936916626,41
Thailand,Action & Adventure,8,70,859,0.11428571428571428,0.09754712695889166,0.016738587326822624,70
Denmark,Sports Movies,2,48,219,0.041666666666666664,0.0248694072223484,0.016797259444318265,48
Brazil,Docuseries,6,97,395,0.061855670103092786,0.0448557801498978,0.016999889953194985,97
Ireland,Romantic Movies,4,46,616,0.08695652173913043,0.06995230524642289,0.017004216492707544,46
New Zealand,Classic Movies,1,33,116,0.030303030303030304,0.013172836702248466,0.017130193600781836,33
Sweden,TV Thrillers,1,42,57,0.023809523809523808,0.006472859414035885,0.017336664395487922,42
Netherlands,Music & Musicals,3,50,375,0.06,0.04258460140813082,0.017415398591869177,50
South Korea,Kids' TV,16,231,451,0.06926406926406926,0.051215080626845336,0.01804898863722393,231
Thailand,Crime TV Shows,5,70,470,0.07142857142857142,0.05337270043152396,0.018055870997047467,70
Australia,Classic Movies,5,160,116,0.03125,0.013172836702248466,0.018077163297751532,160
Ireland,Sports Movies,2,46,219,0.043478260869565216,0.0248694072223484,0.018608853647216816,46
Lebanon,Classic Movies,1,31,116,0.03225806451612903,0.013172836702248466,0.019085227813880563,31
Brazil,LGBTQ Movies,3,97,102,0.030927835051546393,0.011583011583011582,0.019344823468534812,97
Indonesia,Sports Movies,4,90,219,0.044444444444444446,0.0248694072223484,0.019575037222096046,90
United States,Stand-Up Comedy,216,3690,343,0.05853658536585366,0.038950715421303655,0.019585869944550006,3690
Spain,Sci-Fi & Fantasy,11,232,243,0.04741379310344827,0.02759482171246877,0.019818971390979503,232
Singapore,Reality TV,2,41,255,0.04878048780487805,0.02895752895752896,0.019822958847349092,41
United States,Independent Movies,390,3690,756,0.10569105691056911,0.08585055643879173,0.019840500471777378,3690
South Korea,TV Action & Adventure,9,231,168,0.03896103896103896,0.019077901430842606,0.019883137530196354,231
South Africa,Sci-Fi & Fantasy,3,62,243,0.04838709677419355,0.02759482171246877,0.020792275061724777,62
Ireland,TV Comedies,4,46,581,0.08695652173913043,0.06597774244833068,0.02097877929079975,46
Canada,Comedies,94,445,1674,0.21123595505617979,0.19009766068589598,0.021138294370283806,445
United States,Sci-Fi & Fantasy,181,3690,243,0.04905149051490515,0.02759482171246877,0.02145666880243638,3690
Singapore,Kids' TV,3,41,451,0.07317073170731707,0.051215080626845336,0.021955651080471733,41
Norway,TV Mysteries,1,30,98,0.03333333333333333,0.011128775834658187,0.022204557498675146,30
Israel,TV Mysteries,1,30,98,0.03333333333333333,0.011128775834658187,0.022204557498675146,30
Mexico,TV Action & Adventure,7,169,168,0.04142011834319527,0.019077901430842606,0.022342216912352664,169
Argentina,International TV Shows,16,91,1351,0.17582417582417584,0.1534181240063593,0.022406051817816547,91
Argentina,Thrillers,8,91,576,0.08791208791208792,0.06540994776288894,0.022502140149198976,91
India,Thrillers,92,1046,576,0.08795411089866156,0.06540994776288894,0.02254416313577262,1046
Taiwan,TV Mysteries,3,89,98,0.033707865168539325,0.011128775834658187,0.022579089333881138,89
Brazil,Reality TV,5,97,255,0.05154639175257732,0.02895752895752896,0.022588862795048358,97
Norway,Science & Nature TV,1,30,92,0.03333333333333333,0.010447422212128094,0.02288591112120524,30
China,Teen TV Shows,5,162,69,0.030864197530864196,0.007835566659096072,0.023028630871768124,162
United Kingdom,Science & Nature TV,27,806,92,0.033498759305210915,0.010447422212128094,0.02305133709308282,806
New Zealand,TV Thrillers,1,33,57,0.030303030303030304,0.006472859414035885,0.023830170888994417,33
Australia,Docuseries,11,160,395,0.06875,0.0448557801498978,0.023894219850102205,160
Japan,Romantic TV Shows,21,318,370,0.0660377358490566,0.04201680672268908,0.024020929126367524,318
China,TV Action & Adventure,7,162,168,0.043209876543209874,0.019077901430842606,0.024131975112367268,162
Singapore,Action & Adventure,5,41,859,0.12195121951219512,0.09754712695889166,0.02440409255330346,41
Israel,Dramas,9,30,2426,0.3,0.2754939813763343,0.024506018623665693,30
Italy,Thrillers,9,100,576,0.09,0.06540994776288894,0.024590052237111054,100
Ireland,Horror Movies,3,46,357,0.06521739130434782,0.04054054054054054,0.02467685076380728,46
Norway,TV Horror,1,30,75,0.03333333333333333,0.008516920281626164,0.02481641305170717,30
Brazil,Documentaries,12,97,869,0.12371134020618557,0.09868271632977516,0.025028623876410416,97
Australia,Sports Movies,8,160,219,0.05,0.0248694072223484,0.025130592777651603,160
Hong Kong,Romantic Movies,10,105,616,0.09523809523809523,0.06995230524642289,0.025285789991672344,105
Turkey,TV Action & Adventure,5,112,168,0.044642857142857144,0.019077901430842606,0.025564955712014538,112
Lebanon,TV Thrillers,1,31,57,0.03225806451612903,0.006472859414035885,0.025785205102093145,31
Israel,Faith & Spirituality,1,30,65,0.03333333333333333,0.007381330910742675,0.02595200242259066,30
China,Children & Family Movies,16,162,641,0.09876543209876543,0.07279127867363161,0.025974153425133817,162
Norway,Horror Movies,2,30,357,0.06666666666666667,0.04054054054054054,0.026126126126126123,30
Israel,Horror Movies,2,30,357,0.06666666666666667,0.04054054054054054,0.026126126126126123,30
Brazil,TV Dramas,11,97,763,0.1134020618556701,0.08664546899841018,0.026756592857259925,97
Lebanon,Romantic Movies,3,31,616,0.0967741935483871,0.06995230524642289,0.026821888301964206,31
Australia,Science & Nature TV,6,160,92,0.0375,0.010447422212128094,0.027052577787871904,160
Netherlands,Children & Family Movies,5,50,641,0.1,0.07279127867363161,0.027208721326368396,50
Poland,Romantic Movies,4,41,616,0.0975609756097561,0.06995230524642289,0.027608670363333213,41
Netherlands,LGBTQ Movies,2,50,102,0.04,0.011583011583011582,0.02841698841698842,50
Sweden,Music & Musicals,3,42,375,0.07142857142857142,0.04258460140813082,0.028843970020440604,42
Singapore,International Movies,14,41,2751,0.34146341463414637,0.3124006359300477,0.02906277870409868,41
United Arab Emirates,Sports Movies,2,37,219,0.05405405405405406,0.0248694072223484,0.029184646831705657,37
Turkey,TV Thrillers,4,112,57,0.03571428571428571,0.006472859414035885,0.029241426300249826,112
Sweden,Romantic TV Shows,3,42,370,0.07142857142857142,0.04201680672268908,0.029411764705882346,42
Germany,Sci-Fi & Fantasy,13,226,243,0.05752212389380531,0.02759482171246877,0.02992730218133654,226
South Africa,Documentaries,8,62,869,0.12903225806451613,0.09868271632977516,0.03034954173474097,62
Denmark,TV Mysteries,2,48,98,0.041666666666666664,0.011128775834658187,0.030537890832008478,48
Egypt,Action & Adventure,15,117,859,0.1282051282051282,0.09754712695889166,0.030658001246236535,117
Thailand,TV Mysteries,3,70,98,0.04285714285714286,0.011128775834658187,0.031728367022484674,70
Ireland,Documentaries,6,46,869,0.13043478260869565,0.09868271632977516,0.03175206627892049,46
Australia,TV Dramas,19,160,763,0.11875,0.08664546899841018,0.03210453100158982,160
Denmark,Kids' TV,4,48,451,0.08333333333333333,0.051215080626845336,0.03211825270648799,48
Belgium,Comedies,20,90,1674,0.2222222222222222,0.19009766068589598,0.03212456153632623,90
Egypt,Romantic Movies,12,117,616,0.10256410256410256,0.06995230524642289,0.03261179731767967,117
Singapore,Horror Movies,3,41,357,0.07317073170731707,0.04054054054054054,0.032630191166776526,41
United States,Children & Family Movies,390,3690,641,0.10569105691056911,0.07279127867363161,0.0328997782369375,3690
India,Action & Adventure,137,1046,859,0.13097514340344169,0.09754712695889166,0.03342801644455003,1046
Brazil,Faith & Spirituality,4,97,65,0.041237113402061855,0.007381330910742675,0.03385578249131918,97
Norway,TV Comedies,3,30,581,0.1,0.06597774244833068,0.03402225755166932,30
Argentina,Crime TV Shows,8,91,470,0.08791208791208792,0.05337270043152396,0.03453938748056396,91
Thailand,Teen TV Shows,3,70,69,0.04285714285714286,0.007835566659096072,0.035021576198046786,70
United Arab Emirates,Children & Family Movies,4,37,641,0.10810810810810811,0.07279127867363161,0.035316829434476504,37
Canada,Sci-Fi & Fantasy,28,445,243,0.06292134831460675,0.02759482171246877,0.035326526602137975,445
Thailand,Faith & Spirituality,3,70,65,0.04285714285714286,0.007381330910742675,0.03547581194640018,70
Belgium,Crime TV Shows,8,90,470,0.08888888888888889,0.05337270043152396,0.035516188457364935,90
Poland,Classic Movies,2,41,116,0.04878048780487805,0.013172836702248466,0.03560765110262958,41
Norway,Action & Adventure,4,30,859,0.13333333333333333,0.09754712695889166,0.03578620637444167,30
Belgium,Action & Adventure,12,90,859,0.13333333333333333,0.09754712695889166,0.03578620637444167,90
Ireland,Children & Family Movies,5,46,641,0.10869565217391304,0.07279127867363161,0.03590437350028143,46
Turkey,Crime TV Shows,10,112,470,0.08928571428571429,0.05337270043152396,0.03591301385419033,112
Poland,Independent Movies,5,41,756,0.12195121951219512,0.08585055643879173,0.036100663073403386,41
Japan,Teen TV Shows,14,318,69,0.0440251572327044,0.007835566659096072,0.03618959057360833,318
Philippines,LGBTQ Movies,4,83,102,0.04819277108433735,0.011583011583011582,0.03660975950132577,83
China,TV Dramas,20,162,763,0.12345679012345678,0.08664546899841018,0.036811321125046606,162
Brazil,Independent Movies,12,97,756,0.12371134020618557,0.08585055643879173,0.03786078376739384,97
Colombia,Stand-Up Comedy,4,52,343,0.07692307692307693,0.038950715421303655,0.03797236150177327,52
Denmark,Thrillers,5,48,576,0.10416666666666667,0.06540994776288894,0.03875671890377773,48
Hong Kong,Dramas,33,105,2426,0.3142857142857143,0.2754939813763343,0.03879173290937998,105
Hong Kong,Cult Movies,5,105,71,0.047619047619047616,0.008062684533272768,0.03955636308577485,105
Australia,Reality TV,11,160,255,0.06875,0.02895752895752896,0.03979247104247105,160
Japan,Kids' TV,29,318,451,0.09119496855345911,0.051215080626845336,0.03997988792661378,318
United States,Documentaries,512,3690,869,0.13875338753387534,0.09868271632977516,0.04007067120410018,3690
Singapore,TV Horror,2,41,75,0.04878048780487805,0.008516920281626164,0.040263567523251886,41
Australia,TV Comedies,17,160,581,0.10625,0.06597774244833068,0.04027225755166931,160
Australia,International TV Shows,31,160,1351,0.19375,0.1534181240063593,0.040331875993640715,160
Canada,Horror Movies,36,445,357,0.08089887640449438,0.04054054054054054,0.040358335863953834,445
Brazil,TV Mysteries,5,97,98,0.05154639175257732,0.011128775834658187,0.040417615917919134,97
Argentina,Sports Movies,6,91,219,0.06593406593406594,0.0248694072223484,0.041064658711717536,91
New Zealand,TV Action & Adventure,2,33,168,0.06060606060606061,0.019077901430842606,0.041528159175218,33
Sweden,Crime TV Shows,4,42,470,0.09523809523809523,0.05337270043152396,0.041865394806571275,42
South Africa,TV Dramas,8,62,763,0.12903225806451613,0.08664546899841018,0.04238678906610595,62
Italy,TV Dramas,13,100,763,0.13,0.08664546899841018,0.04335453100158983,100
Italy,Dramas,32,100,2426,0.32,0.2754939813763343,0.04450601862366571,100
Canada,Thrillers,49,445,576,0.1101123595505618,0.06540994776288894,0.044702411787672855,445
India,Romantic Movies,120,1046,616,0.1147227533460803,0.06995230524642289,0.04477044809965741,1046
Thailand,LGBTQ Movies,4,70,102,0.05714285714285714,0.011583011583011582,0.04555984555984556,70
Australia,Children & Family Movies,19,160,641,0.11875,0.07279127867363161,0.045958721326368385,160
France,Thrillers,44,393,576,0.11195928753180662,0.06540994776288894,0.046549339768917675,393
Italy,Classic Movies,6,100,116,0.06,0.013172836702248466,0.04682716329775153,100
Israel,Independent Movies,4,30,756,0.13333333333333333,0.08585055643879173,0.0474827768945416,30
Indonesia,Faith & Spirituality,5,90,65,0.05555555555555555,0.007381330910742675,0.04817422464481288,90
Germany,Action & Adventure,33,226,859,0.14601769911504425,0.09754712695889166,0.048470572156152594,226
Italy,Kids' TV,10,100,451,0.1,0.051215080626845336,0.04878491937315467,100
Argentina,Stand-Up Comedy,8,91,343,0.08791208791208792,0.038950715421303655,0.04896137249078426,91
India,Music & Musicals,96,1046,375,0.09177820267686425,0.04258460140813082,0.04919360126873343,1046
Mexico,Independent Movies,23,169,756,0.13609467455621302,0.08585055643879173,0.050244118117421285,169
South Korea,Crime TV Shows,24,231,470,0.1038961038961039,0.05337270043152396,0.050523403464579945,231
Ireland,Dramas,15,46,2426,0.32608695652173914,0.2754939813763343,0.05059297514540484,46
Germany,Independent Movies,31,226,756,0.13716814159292035,0.08585055643879173,0.05131758515412861,226
Spain,Dramas,76,232,2426,0.3275862068965517,0.2754939813763343,0.05209222552021742,232
China,Sci-Fi & Fantasy,13,162,243,0.08024691358024691,0.02759482171246877,0.05265209186777814,162
United Arab Emirates,Sci-Fi & Fantasy,3,37,243,0.08108108108108109,0.02759482171246877,0.053486259368612316,37
Sweden,Thrillers,5,42,576,0.11904761904761904,0.06540994776288894,0.0536376712847301,42
Brazil,Stand-Up Comedy,9,97,343,0.09278350515463918,0.038950715421303655,0.05383278973333552,97
Colombia,Romantic TV Shows,5,52,370,0.09615384615384616,0.04201680672268908,0.05413703943115708,52
Denmark,International TV Shows,10,48,1351,0.20833333333333334,0.1534181240063593,0.05491520932697405,48
Israel,Docuseries,3,30,395,0.1,0.0448557801498978,0.055144219850102205,30
Egypt,Classic Movies,8,117,116,0.06837606837606838,0.013172836702248466,0.055203231673819915,117
Belgium,Thrillers,11,90,576,0.12222222222222222,0.06540994776288894,0.056812274459333276,90
Sweden,Independent Movies,6,42,756,0.14285714285714285,0.08585055643879173,0.057006586418351116,42
Ireland,Kids' TV,5,46,451,0.10869565217391304,0.051215080626845336,0.057480571547067705,46
New Zealand,Dramas,11,33,2426,0.3333333333333333,0.2754939813763343,0.05783935195699902,33
Denmark,Dramas,16,48,2426,0.3333333333333333,0.2754939813763343,0.05783935195699902,48
France,Kids' TV,43,393,451,0.10941475826972011,0.051215080626845336,0.05819967764287477,393
Germany,Thrillers,28,226,576,0.12389380530973451,0.06540994776288894,0.05848385754684557,226
Thailand,Romantic Movies,9,70,616,0.12857142857142856,0.06995230524642289,0.05861912332500567,70
United Kingdom,Documentaries,128,806,869,0.1588089330024814,0.09868271632977516,0.060126216672706234,806
Norway,TV Thrillers,2,30,57,0.06666666666666667,0.006472859414035885,0.06019380725263078,30
Lebanon,Documentaries,5,31,869,0.16129032258064516,0.09868271632977516,0.06260760625087,31
Spain,Crime TV Shows,27,232,470,0.11637931034482758,0.05337270043152396,0.06300660991330362,232
South Africa,Dramas,21,62,2426,0.3387096774193548,0.2754939813763343,0.06321569604302052,62
Ireland,TV Dramas,7,46,763,0.15217391304347827,0.08664546899841018,0.0655284440450681,46
United Kingdom,Docuseries,89,806,395,0.11042183622828784,0.0448557801498978,0.06556605607839004,806
New Zealand,Sports Movies,3,33,219,0.09090909090909091,0.0248694072223484,0.06603968368674251,33
Poland,International TV Shows,9,41,1351,0.21951219512195122,0.1534181240063593,0.06609407111559193,41
Ireland,Independent Movies,7,46,756,0.15217391304347827,0.08585055643879173,0.06632335660468654,46
Colombia,TV Dramas,8,52,763,0.15384615384615385,0.08664546899841018,0.06720068484774368,52
Mexico,Stand-Up Comedy,18,169,343,0.10650887573964497,0.038950715421303655,0.06755816031834132,169
Israel,Thrillers,4,30,576,0.13333333333333333,0.06540994776288894,0.06792338557044439,30
Singapore,Crime TV Shows,5,41,470,0.12195121951219512,0.05337270043152396,0.06857851908067117,41
United Arab Emirates,Thrillers,5,37,576,0.13513513513513514,0.06540994776288894,0.0697251873722462,37
New Zealand,Kids' TV,4,33,451,0.12121212121212122,0.051215080626845336,0.06999704058527588,33
Indonesia,Horror Movies,10,90,357,0.1111111111111111,0.04054054054054054,0.07057057057057056,90
Italy,Documentaries,17,100,869,0.17,0.09868271632977516,0.07131728367022486,100
Lebanon,International TV Shows,7,31,1351,0.22580645161290322,0.1534181240063593,0.07238832760654393,31
India,Independent Movies,167,1046,756,0.15965583173996176,0.08585055643879173,0.07380527530117002,1046
Lebanon,Independent Movies,5,31,756,0.16129032258064516,0.08585055643879173,0.07543976614185342,31
South Korea,TV Dramas,38,231,763,0.1645021645021645,0.08664546899841018,0.07785669550375433,231
Germany,Dramas,80,226,2426,0.35398230088495575,0.2754939813763343,0.07848831950862145,226
Spain,International TV Shows,54,232,1351,0.23275862068965517,0.1534181240063593,0.07934049668329587,232
Singapore,Romantic TV Shows,5,41,370,0.12195121951219512,0.04201680672268908,0.07993441278950604,41
Ireland,British TV Shows,5,46,253,0.10869565217391304,0.02873041108335226,0.07996524109056077,46
Sweden,TV Dramas,7,42,763,0.16666666666666666,0.08664546899841018,0.08002119766825648,42
Norway,TV Dramas,5,30,763,0.16666666666666666,0.08664546899841018,0.08002119766825648,30
Denmark,TV Dramas,8,48,763,0.16666666666666666,0.08664546899841018,0.08002119766825648,48
Australia,Kids' TV,21,160,451,0.13125,0.051215080626845336,0.08003491937315467,160
Poland,Thrillers,6,41,576,0.14634146341463414,0.06540994776288894,0.0809315156517452,41
New Zealand,TV Sci-Fi & Fantasy,3,33,84,0.09090909090909091,0.009538950715421303,0.08137014019366962,33
Sweden,Dramas,15,42,2426,0.35714285714285715,0.2754939813763343,0.08164887576652285,42
Japan,Action & Adventure,57,318,859,0.1792452830188679,0.09754712695889166,0.08169815605997625,318
South Africa,Comedies,17,62,1674,0.27419354838709675,0.19009766068589598,0.08409588770120077,62
Sweden,International TV Shows,10,42,1351,0.23809523809523808,0.1534181240063593,0.08467711408887879,42
Canada,Kids' TV,61,445,451,0.13707865168539327,0.051215080626845336,0.08586357105854793,445
Nigeria,Thrillers,16,103,576,0.1553398058252427,0.06540994776288894,0.08992985806235376,103
United Arab Emirates,Documentaries,7,37,869,0.1891891891891892,0.09868271632977516,0.09050647285941404,37
South Africa,Romantic Movies,10,62,616,0.16129032258064516,0.06995230524642289,0.09133801733422227,62
Poland,Crime TV Shows,6,41,470,0.14634146341463414,0.05337270043152396,0.09296876298311019,41
China,International TV Shows,40,162,1351,0.24691358024691357,0.1534181240063593,0.09349545624055428,162
China,Romantic TV Shows,22,162,370,0.13580246913580246,0.04201680672268908,0.09378566241311338,162
South Africa,Action & Adventure,12,62,859,0.1935483870967742,0.09754712695889166,0.09600126013788253,62
Spain,Thrillers,38,232,576,0.16379310344827586,0.06540994776288894,0.09838315568538691,232
France,Independent Movies,73,393,756,0.18575063613231552,0.08585055643879173,0.09990007969352378,393
Egypt,Dramas,44,117,2426,0.37606837606837606,0.2754939813763343,0.10057439469204177,117
Thailand,Romantic TV Shows,10,70,370,0.14285714285714285,0.04201680672268908,0.10084033613445377,70
Mexico,International TV Shows,43,169,1351,0.25443786982248523,0.1534181240063593,0.10101974581612594,169
Norway,Thrillers,5,30,576,0.16666666666666666,0.06540994776288894,0.10125671890377771,30
Israel,Documentaries,6,30,869,0.2,0.09868271632977516,0.10131728367022486,30
Denmark,Independent Movies,9,48,756,0.1875,0.08585055643879173,0.10164944356120827,48
Mexico,International Movies,70,169,2751,0.41420118343195267,0.3124006359300477,0.10180054750190498,169
Belgium,Independent Movies,17,90,756,0.18888888888888888,0.08585055643879173,0.10303833245009715,90
Germany,International Movies,94,226,2751,0.415929203539823,0.3124006359300477,0.1035285676097753,226
Netherlands,Dramas,19,50,2426,0.38,0.2754939813763343,0.10450601862366571,50
Canada,Children & Family Movies,80,445,641,0.1797752808988764,0.07279127867363161,0.10698400222524479,445
United Arab Emirates,Comedies,11,37,1674,0.2972972972972973,0.19009766068589598,0.10719963661140133,37
Poland,TV Dramas,8,41,763,0.1951219512195122,0.08664546899841018,0.10847648222110202,41
Argentina,Dramas,35,91,2426,0.38461538461538464,0.2754939813763343,0.10912140323905034,91
Norway,International TV Shows,8,30,1351,0.26666666666666666,0.1534181240063593,0.11324854266030737,30
Israel,International TV Shows,8,30,1351,0.26666666666666666,0.1534181240063593,0.11324854266030737,30
Israel,Crime TV Shows,5,30,470,0.16666666666666666,0.05337270043152396,0.1132939662351427,30
Israel,TV Dramas,6,30,763,0.2,0.08664546899841018,0.11335453100158983,30
New Zealand,Documentaries,7,33,869,0.21212121212121213,0.09868271632977516,0.11343849579143697,33
Israel,TV Action & Adventure,4,30,168,0.13333333333333333,0.019077901430842606,0.11425543190249073,30
Turkey,International TV Shows,30,112,1351,0.26785714285714285,0.1534181240063593,0.11443901885078356,112
New Zealand,Action & Adventure,7,33,859,0.21212121212121213,0.09754712695889166,0.11457408516232047,33
Brazil,International TV Shows,26,97,1351,0.26804123711340205,0.1534181240063593,0.11462311310704276,97
India,Comedies,323,1046,1674,0.30879541108986613,0.19009766068589598,0.11869775040397015,1046
Netherlands,Documentaries,11,50,869,0.22,0.09868271632977516,0.12131728367022485,50
Hong Kong,Comedies,33,105,1674,0.3142857142857143,0.19009766068589598,0.1241880535998183,105
Nigeria,Romantic Movies,20,103,616,0.1941747572815534,0.06995230524642289,0.1242224520351305,103
China,International Movies,71,162,2751,0.4382716049382716,0.3124006359300477,0.12587096900822392,162
Denmark,Documentaries,11,48,869,0.22916666666666666,0.09868271632977516,0.1304839503368915,48
Brazil,International Movies,43,97,2751,0.44329896907216493,0.3124006359300477,0.13089833314211724,97
Turkey,Romantic Movies,23,112,616,0.20535714285714285,0.06995230524642289,0.13540483761071997,112
Mexico,Crime TV Shows,32,169,470,0.1893491124260355,0.05337270043152396,0.13597641199451155,169
Turkey,TV Dramas,25,112,763,0.22321428571428573,0.08664546899841018,0.13656881671587556,112
Lebanon,TV Dramas,7,31,763,0.22580645161290322,0.08664546899841018,0.13916098261449306,31
Sweden,Documentaries,10,42,869,0.23809523809523808,0.09868271632977516,0.13941252176546293,42
Sweden,International Movies,19,42,2751,0.4523809523809524,0.3124006359300477,0.1399803164509047,42
Thailand,TV Dramas,16,70,763,0.22857142857142856,0.08664546899841018,0.1419259595730184,70
Philippines,Comedies,28,83,1674,0.3373493975903614,0.19009766068589598,0.14725173690446544,83
France,Dramas,167,393,2426,0.42493638676844786,0.2754939813763343,0.14944240539211356,393
New Zealand,Sci-Fi & Fantasy,6,33,243,0.18181818181818182,0.02759482171246877,0.15422336010571305,33
Israel,International Movies,14,30,2751,0.4666666666666667,0.3124006359300477,0.154266030736619,30
Spain,Spanish-Language TV Shows,41,232,174,0.17672413793103448,0.019759255053372702,0.15696488287766178,232
Norway,Dramas,13,30,2426,0.43333333333333335,0.2754939813763343,0.15783935195699905,30
Denmark,International Movies,23,48,2751,0.4791666666666667,0.3124006359300477,0.166766030736619,48
Thailand,Horror Movies,15,70,357,0.21428571428571427,0.04054054054054054,0.17374517374517373,70
Argentina,Spanish-Language TV Shows,18,91,174,0.1978021978021978,0.019759255053372702,0.1780429427488251,91
Japan,Anime Features,61,318,71,0.1918238993710692,0.008062684533272768,0.18376121483779642,318
Thailand,International TV Shows,24,70,1351,0.34285714285714286,0.1534181240063593,0.18943901885078357,70
Italy,International Movies,52,100,2751,0.52,0.3124006359300477,0.20759936406995233,100
Nigeria,Comedies,41,103,1674,0.39805825242718446,0.19009766068589598,0.20796059174128848,103
Belgium,Dramas,44,90,2426,0.4888888888888889,0.2754939813763343,0.21339490751255458,90
France,International Movies,207,393,2751,0.5267175572519084,0.3124006359300477,0.2143169213218607,393
Norway,International Movies,16,30,2751,0.5333333333333333,0.3124006359300477,0.22093269740328564,30
Indonesia,Romantic Movies,27,90,616,0.3,0.06995230524642289,0.23004769475357711,90
United Arab Emirates,Dramas,19,37,2426,0.5135135135135135,0.2754939813763343,0.2380195321371792,37
Taiwan,TV Dramas,29,89,763,0.3258426966292135,0.08664546899841018,0.2391972276308033,89
United Kingdom,British TV Shows,225,806,253,0.27915632754342434,0.02873041108335226,0.25042591646007206,806
Mexico,Spanish-Language TV Shows,47,169,174,0.2781065088757396,0.019759255053372702,0.2583472538223669,169
Thailand,International Movies,40,70,2751,0.5714285714285714,0.3124006359300477,0.2590279354985237,70
Singapore,TV Dramas,15,41,763,0.36585365853658536,0.08664546899841018,0.27920818953817517,41
Spain,International Movies,140,232,2751,0.603448275862069,0.3124006359300477,0.29104763993202126,232
South Korea,Romantic TV Shows,77,231,370,0.3333333333333333,0.04201680672268908,0.2913165266106442,231
China,Action & Adventure,63,162,859,0.3888888888888889,0.09754712695889166,0.2913417619299972,162
Colombia,Crime TV Shows,18,52,470,0.34615384615384615,0.05337270043152396,0.29278114572232217,52
Egypt,Comedies,57,117,1674,0.48717948717948717,0.19009766068589598,0.29708182649359116,117
Lebanon,Dramas,18,31,2426,0.5806451612903226,0.2754939813763343,0.3051511799139883,31
Singapore,International TV Shows,19,41,1351,0.4634146341463415,0.1534181240063593,0.3099965101399822,41
South Africa,International Movies,39,62,2751,0.6290322580645161,0.3124006359300477,0.31663162213446844,62
Japan,International TV Shows,151,318,1351,0.4748427672955975,0.1534181240063593,0.3214246432892382,318
Poland,International Movies,26,41,2751,0.6341463414634146,0.3124006359300477,0.32174570553336695,41
Argentina,International Movies,58,91,2751,0.6373626373626373,0.3124006359300477,0.32496200143258963,91
Philippines,Dramas,50,83,2426,0.6024096385542169,0.2754939813763343,0.3269156571778826,83
Turkey,Comedies,58,112,1674,0.5178571428571429,0.19009766068589598,0.32775948217124695,112
Belgium,International Movies,58,90,2751,0.6444444444444445,0.3124006359300477,0.3320438085143968,90
Poland,Dramas,25,41,2426,0.6097560975609756,0.2754939813763343,0.3342621161846413,41
Taiwan,TV Comedies,36,89,581,0.4044943820224719,0.06597774244833068,0.33851663957414124,89
Nigeria,Dramas,64,103,2426,0.6213592233009708,0.2754939813763343,0.3458652419246365,103
Philippines,Romantic Movies,35,83,616,0.42168674698795183,0.06995230524642289,0.35173444174152896,83
India,Dramas,662,1046,2426,0.6328871892925431,0.2754939813763343,0.35739320791620877,1046
United Arab Emirates,International Movies,26,37,2751,0.7027027027027027,0.3124006359300477,0.39030206677265505,37
Turkey,International Movies,79,112,2751,0.7053571428571429,0.3124006359300477,0.3929565069270952,112
Lebanon,International Movies,22,31,2751,0.7096774193548387,0.3124006359300477,0.39727678342479106,31
Indonesia,Dramas,63,90,2426,0.7,0.2754939813763343,0.42450601862366566,90
Netherlands,International Movies,37,50,2751,0.74,0.3124006359300477,0.4275993640699523,50
Japan,Anime Series,143,318,176,0.449685534591195,0.019986372927549397,0.4296991616636456,318
Colombia,International TV Shows,31,52,1351,0.5961538461538461,0.1534181240063593,0.44273572214748685,52
Hong Kong,International Movies,82,105,2751,0.780952380952381,0.3124006359300477,0.46855174502233327,105
Taiwan,Romantic TV Shows,48,89,370,0.5393258426966292,0.04201680672268908,0.4973090359739401,89
South Korea,International TV Shows,152,231,1351,0.658008658008658,0.1534181240063593,0.5045905340022987,231
India,International Movies,864,1046,2751,0.8260038240917782,0.3124006359300477,0.5136031881617305,1046
Hong Kong,Action & Adventure,66,105,859,0.6285714285714286,0.09754712695889166,0.5310243016125369,105
Egypt,International Movies,99,117,2751,0.8461538461538461,0.3124006359300477,0.5337532102237985,117
Nigeria,International Movies,88,103,2751,0.8543689320388349,0.3124006359300477,0.5419682961087873,103
South Korea,Korean TV Shows,132,231,151,0.5714285714285714,0.017147399500340676,0.5542811719282307,231
Colombia,Spanish-Language TV Shows,30,52,174,0.5769230769230769,0.019759255053372702,0.5571638218697041,52
Indonesia,International Movies,80,90,2751,0.8888888888888888,0.3124006359300477,0.5764882529588411,90
Taiwan,International TV Shows,70,89,1351,0.7865168539325843,0.1534181240063593,0.633098729926225,89
Philippines,International Movies,79,83,2751,0.9518072289156626,0.3124006359300477,0.639406592985615,83
